inventory_number,author,title,publisher,category
618/292,Rondolino,Dizionario del cinema italiano 1945-1969 (due volumi),Einaudi 1969,Dizionario film
28,Eduardo de Filippo,Filumena Marturano,Einaude 1964,"Commedia, Napoli, crisi famiglia patriarcale"
507,William Shakespeare,Amleto,Economica Feltrinelli 1990,"tragedia, Danimarca, Ofelia, fantasma, monologo ""essere o non essere"""
204,William Shakespeare,Amleto,Einaudi 1965,"tragedia, Danimarca, Ofelia, fantasma, monologo ""essere o non essere"""
644,SamuelBeckett,Aspettando Godot,Einaudi 1969,"dramma, Vladimiro, Estragone, teatro dell'Assurdo, nonsenso"
32,Woody Allen,Io e Annie,Universale Economica Feltrinelli 1991,"Commedia romantica, nevrosi,Woody Allen: Alvy, Diane Keaton: Annie Hall"
2604,Sofocle,Edipo Re,Universale Economica Feltrinelli 1991,"tragedia, Tebe, pestilenza, incesto, profezia Sfinge"
2599,Eschilo,I Persiani,Feltrinelli 1991,"Tragedia, Susa, Atossa Serse, battaglia di Salamina"
168,Arthur Miller,Morte di un commesso viaggiatore,Garzanti 1968,"Dramma, sogno americano, felicità materiale, Willy Loman"
699,Dario Fo,Teatro comico,Garzanti 1962,Raccolta commedie
1016,Dario Fo,Le commedie di D. Fo,Einaudi 1975,Raccolta commedie
855,Dario Fo,Morte accidentale di un anarchico,Einaudi 1974,"Commedia, anarchico Pinelli"
547,Bertold Brecht,Vita di Galileo,Einaudi 1963,opera teatrale
66,Carlo Goldoni,La locandiera,Signorelli 1966,"Commedia, Mirandolina, Firenze, Marchese, Conte, Cavaliere"
248,Luigi Pirandello,Il berretto a sonagli. La giara. Il piacere dell’onestà,Oscar Mondadori 1969,Opere teatrali
539,Marco Paolini,Il sergente,Einaudi stile libero 2008,"Sergente nella neve, Mario Rigoni Stern, teatro civile sulla guerra."
326,Gian Luigi Rondi,7 domande a 49 registi,Società editrice internazionale 1975,Saggio sulla regia cinematografica
1130,Atti convegno di Pisa,Il linguaggio cinematografico,Plan 2002,"Saggio, cinema"
1629,Brunetta,Letteratura e cinema,Zanichelli 1976,"Saggio, cinema"
8,Metz/Costa,Attraverso il cinema,Longanesi 1978,"Saggio, cinema"
1833,Rolf-Ulrich,Guida alla musica,Oscar Mondadori 1969,"Saggio, musica"
150,Carlo Emilio Gadda,Quel pasticciaccio brutto de via Merulana,Garzanti 1957,"Romanzo, Roma, Fascismo, ""Palazzo degli Ori"", Francesco ""Don Ciccio"" Ingravallo"
601,Carlo EmilioGadda,Quel pasticciaccio brutto de via Merulana,Garzanti 1991,"Romanzo, Roma, Fascismo, ""Palazzo degli Ori"", Francesco ""Don Ciccio"" Ingravallo"
2675,Carlo Emilio Gadda,Il primo libro delle favole,Oscar Mondadori 1990,Raccolta fiabe
177,Oscar Wilde,Il ritratto di Dorian Gray,Sansoni 1965,"Romanzo, Londra vittoriana, dandy, estetismo, bellezza, Faust"
550,Oscar Wilde,De profundis,Feltrinelli 1992,"Lettera, Processo per omosessualità, Alfred Douglas"
174-6,Fëdor Dostoevskij,I fratelli Karamazov (tre volumi),Oscar Mondadori 1969,"Romanzo, Fëdor, Dmitrij, patricidio"
76,Victor Hugo,I lavoratori del mare,Edizioni paoline 1966,"Gilliat, emarginato sociale, guerre Napoleoniche,"
18,Carlo Cassola,Il taglio del bosco,Einaudi 1965,"Racconto lungo, Appennino toscano, Guglielmo, taglialegna"
A1131,Carlo Cassola,Il taglio del bosco,Oscar Mondadori,"Racconto lungo, Appennino toscano, Guglielmo, taglialegna"
594,Carlo Cassola,La ragazza di Bube,Rizzoli 1973,"Romanzo, Neorealismo,Valdelsa, Liberazione, Mara, Bube"
502,Carlo Cassola,Fausto e Anna,Rizzoli 1992,"Romanzo autobiografico amore, fascismo, guerra partigiana"
541,Ignazio Silone,Fontamara,Oscar Mondadori 1997,"Romanzo, Marsica, contadini analfabeti,bolletta, carta bianca"
81,BeppeFenoglio,I ventitre giorni della città di Alba,Einaudi 1952,"Raccolta di racconti, guerra partigiana,Italia contadina nel dopoguerra"
346,Beppe Fenoglio,La malora,Einaudi 1968,"Romanzo breve, Agostino, Langhe, realtà contadina nel dopoguerra"
57/58/59,Miguel de Cervantes,Don Chisciotte della Mancia,Mondadori 1964,"Romanzo, Spagna, Hidalgo, cavalieri, letteratura, pazzia"
184,Peter Weiss,Colloquio dei tre viandanti,Einaudi 1969,"Romanzo incompiuto, Germania"
771,Luciano De Maria,Marinetti e il Futurismo,-,Raccolta di testi sul Futurismo
260,Italo Calvino,L’entrata in guerra,Einaudi 1974,"Raccolta di racconti, memorie, adolescenti, guerra"
77,Ivan SergeevicTurgenev,Padri e figli,Edizioni paoline 1961,"Romanzo, Arkadij, Bazarov, nichilismo"
306,Franz Kafka,Il processo,Oscar classici 1975,"Romanzo, Josef K., giustizia, situazioni paradossali, colpa"
643,Franz Kafka,Il messaggio dell’imperatore,Adelphi 1994,"Racconto, attesa, inutilità dello sforzo, alienazione"
397,Franz Kafka,la metamorfosi,Erzanti 1976,"Racconto, Gregor Samsa, alienazione, rapporto padre-figlio, angoscia"
492,Franz Kafka,Lettera al padre,Economica Feltrinelli 1992,"Lettera, rapporto padre -figlio, famiglia"
304,Franz Kafka,Il castello,Oscar mondadori 1977,"Romanzo, solitudine, alienazione"
819,Dino Buzzati,Le notti difficili,Oscar Mondadori 1973,"Racconti, inquietudine, angoscia, realismo favoloso"
29,Dino Buzzati,Il deserto dei tartari,Oscar Mondadori 2000,"Romanzo, fuga dal tempo, Giovanni Drogo, la Fortezza"
316,James Joyce,Ulisse,Oscar Mondadori 1973,"Romanzo, Dublino, flusso di coscienza, Leopold Blum"
602,James Joyce,Gente di Dublino,La Nuova Italia 1982,"Romanzo storico,"
122/3,Lev Tolstoj,Guerra e pace,Mondadori 1945,"Romanzo storico,"
547,Lev Tolstoi,Sonata a Kreutzer,Feltrinelli1991,"Romanzo breve, conversazione in treno"
136,Natalia Ginzburg,Le piccole virtù,Einaudi 1962,"Raccolta di racconti, rapporti umani, società del tempo"
32,Natalia Ginzburg,Lessico famigliare,Einaudi 1963,"Romanzo, vita famigliare, Levi, fascismo Seconda guerra Mondiale"
1698,Natalia Ginzburg,Caro Michele,Mondadori 1973,Romanzo epistolare
591,Natalia Ginzburg,Le voci della sera,Einaudi 1963,"Romanzo breve, storie famigliari"
467,Natalia Ginzburg,La strada che va in città,Einaudi 1975,"Romanzo, solitudine, memoria"
20,Cesare Pavese,La bella estate,Einaudi 1949,"Romanzo, crescita, rapporto città e campagna"
375,Cesare Pavese,La casa in collina,Einaudi 1967,"Romanzo, Seconda guerra mondiale, solitudine, ricordo"
351,Cesare Pavese,Feria d’agosto,Mondadori 1971,"Racconti e saggi, mito dell'infanzia, passato idilliaco,"
466,Cesare Pavese,La luna e i falò,Einaudi 1950,"Romanzo, Anguilla, emigrazione, Santo Stefano Belbo, ricordo"
141,James Hilton,"Addio, Mister Chips",Mondadori1938,"Romanzo breve, ricordi di un vecchio insegnante"
4383,Boris Pasternàk,Il dottor Zivago,Loescher editore1957,"Romanzo, rivoluzione bolscevica, storia d'amore"
104,André Gide,I falsari- Diario dei falsari,Bompiani 1953,"Romanzo, omosessualità, critica della falsità morale"
103,Vitaliano Brancati,Il bell’Antonio,Bompiani 1963,"Romanzo, fascismo, critica della società, mito della virilità"
113/4,Heman Melville,Moby Dick (due volumi),Garzanti 1946,"Romanzo, balena bianca, lotta contro il male, avventura"
456,Herman Melville,Moby Dick o la balena,Adelphi 1987,"Romanzo, balena bianca, lotta contro il male, avventura"
449,Elio Vittorini,Uomini e no,Oscar Mondadori 1990,"Romanzo, Enne2, repressione nazi-fascista, dicotomia bene-male"
435,Elio Vittorini,Uomini e no,Arnoldo Mondadori 1973,"Romanzo, Enne2, repressione nazi-fascista, dicotomia bene-male"
271,Elio Vittorini,Conversazione in Sicilia,Einaudi 1966,"Romanzo, viaggio, riflessioni politiche e morali suula società"
3,Vittorio Alfieri,La vita,E.I.R 1964,Autobiografia
33,Giorgio Bassani,Gli occhiali d’oro,Mondadori 1977,"Romanzo, emarginazione. omosessualità, pregiudizi razziali"
35,Giorgio Bassani,Le storie ferraresi,Einaudi 1960,"Racconti, fascismo, resistenza, discriminazione razziale e sociale, provincia"
361,Giorgio Bassani,Il giardino dei Finzi –Contini,Einaudi 1962,"Romanzo, persecuzioni razziali, storia vera, amore non corrisposto"
639,Hermann Hesse,Demian,Arnoldo Mondadori editore 1993,"Romanzo di formazione, adolescenza"
640,Hermann Hesse,Gertrud,Oscar Mondadori 1980,"Romanzo, pacificazione spirituale, musica,"
641,Hermann Hesse,Racconti,Oscar Mondadori 2001,Raccolta
642,Hermann Hesse,Sotto la ruota,Oscar Mondadori 1999,"Romanzo di formazione, istruzione severa"
647,Hermann Hesse,Leggende e fiabe,Arnoldo Mondadori editore 1999,Raccolta di leggende dal Medioevo in poi
529,Dacia Maraini,La lunga vita di Marianna Ucria,Rizzoli 1993,"Romanzo, Sicilia Settecento, condizione femminile, ribellione"
530,Dacia Maraini,La lunga vita di Marianna Ucria,Rizooli 1993,"Romanzo, Sicilia Settecento, condizione femminile, ribellione"
452,Dacia Maraini,La lunga vita di Marianna Ucria,Rizzoli 1992,"Romanzo, Sicilia Settecento, condizione femminile, ribellione"
182,Dacia Maraini,Donna in guerra,Einaudi 1973,Romanzo femminismo anni '70
118,John Steinbeck,L’inverno del nostro scontento,Oscar Mondadori 1962,Romanzo crisi classe media
158,John Steinbeck,La valle dell’Eden,Oscar Mondadori 1954,"Romanzo depravazione, amore, libertà"
202,John Steinbeck,Uomini e topi,Bompiani 1974,Romanzo girovaghi crisi economica Usa
262,John Steinbeck,Uomini e topi,Bompiani 1995,Romanzo girovaghi crisi economica Usa
163,Marfaret Mitchell,Via col vento,Oscar Mondadori,"Romanzo Guerra di Secessione Atlanta, piantagione di cotone"
644,Johann Wolfgang von Goethe,Favola,Adelphi 1990,Racconto enigma
281,Elsa Morante,La storia,Einaudi 1974,Romanzo Roma Seconda guerra mondiale
589,Elsa Morante,L’isola di Arturo,Einaudi 1957,"Romanzo, adolescenza, Procida"
499,Domenico Starnone,Segni d’oro,Feltrinelli 1992,"Romanzo politico, impegno sociale"
645,Michele Serra,Il nuovo che avanza,Feltrinelli 1997,Racconti sugli inganni della modernità
521-2,Rosetta Loy,Le strade di polvere,Einaudi 1987,"Saga familiare, Piemonte"
190,Grazia Deledda,Canne al vento,Famiglia cristiana 1997,"Romanzo, fragilità umana, Sardegna"
115,Primo Levi,Se questo è un uomo-La tregua,Einaudi 1996,"Romanzo, Shoah, campi di concentramento"
454,Primo Levi,I sommersi e i salvati,Einaudi 1987,"Saggio storico biografico, deportazioni ebrei"
263,JacK Kerouac,I sotterranei,Feltrinelli 1965,"Romanzo autobiografico, fine di un amore"
2587,Antonio Tabucchi,Il filo dell’orizzonte,Universale economica Feltrinelli 1991,"Romanzo-enigma, giallo"
424,Mario Rigoni Stern,Il bosco degli urogalli,Einaudi 1974,Raccolta racconti
414,Renata Viganò,L’Agnese va a morire,Einaudi 1982,"Romanzo neorealista, partigiani"
470,Marco Polo,Il Milione,Einaudi 1982,"Resoconto di viaggio, Cina"
587,Pier Paolo Pasolini,Ragazzi di vita,Garzanti 1992,"Romanzo, Roma, secondo dopoguerra, adolescenza"
416,Ernest Hemingway,Fiesta,Einaudi 1981,"Romanzo, viaggio da Parigi a Pamplona, corrida"
435,Ernest Hemingway,I racconti di Nick Adams,Einaudi 1981,Racconti autobiografici
413,Carlo Levi,Le parole sono pietre,Einaudi 1980,Reportage di viaggio Sicilia rurale arretrata
552,Italo Svevo,Senilità,Economica Feltrinelli 1991,"Romanzo psicologico, inettitudine"
462,Francesca Sanvitale,Verso Paola,Einaudi 1992,"Romanzo breve, viaggio alla ricerca delle proprie origini"
463,Francesca Sanvitale,Verso Paola,Einaudi 1992,"Romanzo breve, viaggio alla ricerca delle proprie origini"
A1193,Mario Tobino,Per le antiche scale,Oscar Mondadori 1976,"Raccolta di racconti,protagonista psichiatra"
379,Joseph Conrad,Racconti di mare e di costa,Mondadori 1971,Racconti fantastici Oceano indiano
548,Niccolò Machiavelli,Il Pincipe,Feltrinelli 1992,Saggio politico su come ottenere e mantenere il potere
610,Massimo D'Azeglio,Ettore Fieramosca,Fabbri editore 1985,Romanzo cavalleresco
503,Aldo Palazzeschi,Le sorelle Materassi,Oscar Mondadori 1990,"Romanzo, figure femminili, primi anni del XX"
543,Giuseppe Tommasi di Lampedusa,Il Gattopardo,Feltrinelli 1993,"Romanzo, Sicilia, trasformazioni sociali, Risorgimento"
846,Howard Post,Gli emarginati,Oscar Mondadori 1973,"Fumetto, naufraghi"
309,Jaroslav Hasek,Il buon soldato sc’veik,Feltrinelli 1966,Romanzo antimilitarista
847,Charles M.Schulz,Il bambino a una dimensione,Oscar Mondadori 1971,selezione di strisce dei Peanuts
848,Charles M.Schulz,E’ domani Charlie Brown,Oscar Mondadori 1974,selezione di strisce dei Peanuts
570,Charles M.Schulz,Un Natale di Charlie Brown,Bompiani 1966,selezione di strisce dei Peanuts
844,Charles Dickens,"Timbra il tuo cartellino, Bristow",Mondadori 1973,"Fumetti, impiegato fannullone"
852,Charles Dickens,Bristow il contestatore integrato,Oscar Mondadori 1973,"Fumetti, impiegato fannullone"
853,Mort Walker,Il mondo è una caserma,Oscar Mondadori 1975,Fumetti antimilitaristi
851,Mort Walker,Manuale della recluta,Oscar Mondadori 1973,Fumetti antimilitaristi
849,Elzie Crisler Segar,Fino all’ultimo spinacio,Oscar Mondadori 1974,"Fumetti, Braccio di Ferro"
542,James Kakalios,La fisica dei supereroi,Einaudi 2005,Saggio scientifico
516,Johnny Hart,B.C. in 24 lezioni,Mondadori 1972,Fumetto
511,Johnny Hart,L’antichissimo mondo di B.C.,Mondadori 1965,Fumetto
1445,Quino,Mafalda colpisce ancora,Bompiani 1969,Fumetto
451,Maria Bellonci,Segreti dei Gonzaga,Oscar Mondadori 1997,"Romanzo storico, Mantova Cinquecento"
457–438,Maria Bellonci,Rinascimento privato,Marsilio,Testo teatrale
624,Walter Scott,Ivanohe,Garzanti 1989,"Romanzo storico, Inghilterra, 1190 circa"
623,Walter Scott,Ivanohe,Garzanti 1989,"Romanzo storico, Inghilterra, 1190 circa"
64,Erodoto,Storie di popoli antichi,Universale dei giovani 1964,"Storia greca, guerre persiane"
A161,Christian Jacq,Il romanzo di Ramses -il figlio della luce,Mondadori 1997,"Romanzo storico, antico Egitto, faraone Ramesse II"
A1136,Roberto Piumini,Uomini con figure,Einaudi scuola 1990,Biografie scultori e pittori
838,Sebastiano Vassalli,La chimera,Einaudi 1992,"Romanzo storico, strega, pregiudizio"
840,Leonardo Sciascia,La strega e il capitano,Bompiani 1995,"Romanzo storico, strega, pregiudizio"
91,Lew Wallace,Ben Hur,Edizioni Paoline 1966,"Romanzo storico, Palestina, Gesù"
362,Apollonio,L’uomo nel 2000,Rizzoli 1968,"Saggio, riflessioni sul futuro"
79,W.H. Armstrong Sounder,Una storia dell’America negra,Bompiani 1971,"Saggio storico, USA razzismo"
200,William Sheridan Allen,Come si diventa nazisti,Einaudi 1968,"Saggio, Germania Repubblica di Weimar, Terzo Reich;"
203,Roberto Battaglia,Storia della Resistenza italiana,Einaudi 1964,"Saggio storico Italia 1943-44, partigiani"
352-496,AA.VV.,Diario del Che in Bolivia,Feltrinelli 1968,"Diario, guerriglia, Sudamerica, 1967"
205,Piero Malvezzi-GiovanniPirelli,Lettere di condannati a morte della Resistenza europea,Einaudi 1967,"Testimonianza storica, nazifascismo"
1515,Alessandra MeluccoVaccaro,I Longobardi in Italia,Longanesi 1982,"Saggio storico, archeologia longobarda"
519-520,Clara Sereni,Il gioco dei regni,Giunti 1993,"Romanzo storico, Novecento, storia di famiglia"
524,Michel Vovelle,La Rivoluzione francese spiegata a mia nipote,Einaudi 2007,"Saggio, Francia 1789, Terrore"
523,Karl Marx Friedrich Engels,Manifesto del Partito Comunista,Einaudi 1998,"Saggio, progetto politico dei comunisti"
521,Joseph Stiglitz,La globalizzazione che funziona,Einaudi 2006,"Saggio, economia, politica"
629,Charles Darwin,L’origine della specie,Einaudi 2009,"Saggio scientifico, evoluzionismo"
1851,Jay M.Savage,L’evoluzione,Zanichelli 1967,"Saggio scientifico, evoluzionismo"
522,Edoardo Boncinelli,Le forme della vita,Einaudi 2006,"Saggio scientifico evoluzione , DNA"
546,Eileen Power,Vita nel Medioevo,Einaudi 1999,"Testimonianza storica, vita vissuta da gente comune"
354,Emilio Lussu,Un anno sull’altipiano,Einaudi 1960,"Romanzo, memoriale Prima guerra mondiale, brigata Sassari, insensatezza guerra"
390,Emilio Lussu,Marcia su Roma e dintorni,Einaudi 1974,"Biografia, antifascismo, legami con lo stato italiano"
17,ThomasMann,I Buddenbrook,Mondadori 1970,"Romanzo, decadenza borghesia, Lubecca, valori morali"
409,ThomasMann,"Tonio Kroger ,La morte a Venezia, Cane e padrone",Garzanti 1982,Raccolta di racconti
386,Lugi Pirandello,Il fu Mattia Pascal,Mondadori 2000,"Romanzo, frantumazione dell'identità, evasione dal contesto sociale, umorismo"
534,Luigi Pirandello,I vecchi e i giovani,Garzanti 1993,"Romanzo storico, Mezzogiorno arretrato,"
328,Luigi Pirandello,I vecchi e i giovani,Mondadori 1967,"Romanzo storico, Mezzogiorno arretrato,"
2720,Luigi Pirandello,I vecchi e i giovani,Garzanti 1993,"Romanzo storico, Mezzogiorno arretrato,"
292,Luigi Pirandello,Dal naso al cielo,Mondadori 1973,Raccolta di novelle
382,Giuseppe Tomasi di Lampedusa,Opere,Feltrinelli1974,Raccolta
373/4,Giovanni Verga,Tutte le novelle (due volumi),Mondadori 1970,"Sicilia, lotta per la sopravvivenza, conflitto per il possesso della ""roba"", incomunicabilità"
378,Giovanni Verga,Mastro-Don Gesualdo,O. Mondadori 1966,"Verismo, ciclo dei vinti, logica della ""roba"", discorso indiretto libero"
6319,Giovanni Verga,Mastro Don Gesualdo,Mondadori 1960,"Verismo, ciclo dei vinti, logica della ""roba"", discorso indiretto libero"
293,Giovanni Verga,"Una peccatrice, Storia di una capinera, Eva, Tigre reale",Mondadori 1975,"Romanzi preveristi, Sicilia,"
636,Italo Svevo,La coscienza di Zeno,Scolastiche B. Mondadori 1987,"Romanzo psicologico, diario, inetto, psicanalisi, Freud, monologo interiore"
1699,Ugo Foscolo,Ultime lettere di Jacopo Ortis,Einaudi 1963,"Romanzo epistolare, amore per la patria, esilio, delusione politica, suicidio"
214,Leonardo Sciascia,A ciascuno il suo,Adelphi 1995,"Romanzo giallo, Sicilia, mafia, omicidio, poteri forti"
369,Leonardo Sciascia,La scomparsa di Majorana,Einaudi 1975,"Saggio storico biografico, scomparsa fisico siciliano,"
844-846,Leonardo Sciascia,Il mare color del vino,Einaudi 1973,"Raccolta di racconti, mafia, politica, religiosità popolare, emigrazione, amore"
848/850,Leonardo Sciascia,Il mare color del vino,Einaudi 1973,"Raccolta di racconti, mafia, politica, religiosità popolare, emigrazione, amore"
851-3,Leonardo Sciascia,Todo modo,Einaudi 1974,"Romanzo, omicidio, indagine irrisolta, esrcizi spirituali,"
854-5,Leonardo Sciascia,Il contesto,Einaudi 1971,"Romanzo poliziesco, parodia del giallo, critica al ""sistema"" politico e clientelare i"
856/863,Leonardo Sciascia,Il contesto,Einaudi 1971,"Romanzo poliziesco, parodia del giallo, critica al ""sistema"" politico e clientelare"
489,Vasco Pratolini,Le ragazze di Sanfrediano,Oscar Mondadori 1992,"Romanzo, giovane rubacuori, beffa delle ragazze, linguaggio vernacolare"
352,Antonio Fogazzaro,Piccolo mondo antico,Oscar Mondadori 1970,"Romanzo, Lombardia, Seconda metà dell' Ottocento,giustizia,spirito di carità."
21,Antonio Fogazzaro,Malombra,Oscar Mondadori,"Romanzo gotico, Marina eroina seducente, contrasti interiori fra spiritualità e mondanità"
295,Antonio Fogazzaro,Malombra,Oscar Mondadori 1974,"Romanzo gotico, Marina eroina seducente, contrasti interiori fra spiritualità e mondanità"
A1007,Antonio Fogazzaro,Malombra,Piccola biblioteca di Repubblica,"Romanzo, Lombardia, Seconda metà dell' Ottocento,giustizia,spirito di carità."
469,Giuseppe Berto,Colloqui con il cane,Marsilio 1986,Raccolta racconti sul 68
349,Raffaello Brignetti,Il gabbiano azzurro,Mondadori 1973,Romanzo
400,Ignazio Silone,Il segreto di Luca,Oscar mondadori 2000,"Romanzo psicologico, anni Cinquanta"
A1001,Ignazio Silone,Fontamara,Oscar Mondadori 1977,"Romanzo sociale, Mezzogiorno arretrato"
464-465,Marco Lodoli,I fannulloni,Einaudi 1990,"Romanzo, Italia anni 80"
A130,Alexandre Dumas,I tre moschettieri,Einaudi Classici 2017,"Romanzo d'appendice, Francia 1600, D'Artagnan"
A128,Jules Verne,Viaggio al centro della terra,Einaudi Classici 2014,"Romanzo fantastico, vulcano, Islanda"
A119,Jane Austen,Orgoglio e pregiudizio,Einaudi Classici 2014,"Romanzo, Inghilterra, 1800, Bennet"
A122,Charlotte Brontë,Jane Eyre,Einaudi Classici 2017,"Romanzo di formazione, Inghilterra, governante, Rochester."
A121,Franz Kafka,La metamorfosi,Einaudi Classici 2014,Identità
A118,Joseph Conrad,La linea d’ombra,Einaudi Classici 2015,"Romanzo breve, viaggio in mare, allegoria guerra"
A123,Robert L. Stevenson,Lo stano caso del Dr. Jekyll e del Sig. Hyde,Einaudi Classici 2015,"Romanzo gotico, bene e male, ruolo scienza"
A126,Ferenc Molnar,I ragazzi della via Pàl,Einaudi Classici 2016,"Romanzo per ragazzi, Budapest, bande rivali, amicizia"
A127,Voltaire,Candido,Einaudi Classici 2014,"Racconto filosofico umoristico, contro l'ottimismo razionalista leibniziano"
A137,Fëdor Dostoevskij,Notti bianche,Einaudi Classici 2014,"Romanzo breve, San Pietroburgo, incontro, sognatore"
A135,Francis Scott Fitzgerald,Il grande Gatzby,Einaudi Classici 2014,"Romanzo New York, 1922, età del Jazz, sogno americano"
A124,Ludovico Ariosto,Orlando Furioso I,Einaudi Classici 2015,"Poema cavalleresco, guerra saraceni-cristiani, cavalieri"
A125,Ludovico Ariosto,Orlando Furioso II,Einaudi Classici 2015,"Poema cavalleresco, guerra saraceni-cristiani, cavalieri"
A111,Daniel Pennac,Il paradiso degli orchi,Feltrinelli 2011,"Romanzo poliziesco atipico, grande magazzino, Malaussène"
A110,Rolf Lappert,Pampa Blues,Feltrinelli 2013,"Romanzo young adult, avvistamento UFO, indagine omicidio"
A114,Shane Peacock,L’occhio del corvo,Feltrinelli 2015,"Romanzo, Londra, Sherlock Holmes"
A109,"Kelly More, Larkin Reed, Tucker Reed",I segreti di Amber Hause,Feltrinelli 2016,"Romanzo, fantasmi, mistero, ""sliding doors”"
A112,Javier Ruescas,Tutti i colori di te,Feltrinelli 2016,"Romanzo sentimentale, Casanova,"
A108,Amos Oz,Contro il fanatismo,Feltrinelli 2015,"Saggio, fanatismo, pragmatismo"
A115,Erri De Luca,Il peso della farfalla,Feltrinelli 2016,"Racconto camoscio, cacciatore"
A113,Vandana Shiva,Storia dei semi,Feltrinelli 2013,"Saggio, ecologia, OGM"
A136,Andrea Castelli,"Scusi, il teatro?",Curcu & Genovese Ass. 2010,"Racconti autobiografici, attore"
A132,Fabio Bonacina,Giovanni Paolo II viaggi di speranza,Vaccari 2006,Descrizione viaggi pontefice
A134,Luigi Pirandello,"Uno, nessuno e centomila",Einaudi 2014,"Romanzo, crisi dell'individuo, Vitangelo Moscarda"
A133,Herman Melville,Moby Dick,Einaudi 2015,"Romanzo avventura, balena bianca, Achab"
A131,Edgar Lee Masters,Antologia di Spoon River,Einaudi 2014,"raccolta di poesie, epitaffi,"
A100,Rebecca Stead,Segreti e bugie,Feltrinelli 2013,"Romanzo young adult, Club delle spie, Mr. X"
A098,Sharon M. Draper,Melody,Feltrinelli 2016,"Romanzo young adult, disabilità, pregiudizi"
A095,Alessandro Baricco,Una certa idea di mondo,Feltrinelli 2015,"Metalibro, consigli di lettura"
A097,Tomasi di Lampedusa,Il gattopardo,Feltrinelli 2012,"Romanzo, Sicilia, trasformazioni sociali, Risorgimento"
A101,Enrico Deaglio,La banalità del bene,Feltrinelli 2012,"Racconto,Giorgio Perlasca, Budapest, Seconda guerra mondiale."
A102,Banana Joshimoto,Kitchen,Feltrinelli 2011,"Romanzo, Giappone, Mikage, solitudine"
A093,Claudia de Lillo,"Dire, fare, Baciare",Feltrinelli 2015,"Manuale per giovani donne, adolescenza"
A091,Antonio Ferrara,Con una rosa in mano,Feltrinelli 2016,"Romanzo, adolescenti, Piazza Tienanmen, 5 giugno 1989"
A092,Sally Gardner,Il pianeta di Standish,Feltrinelli 2013,"Romanz+G225o fantascienza, sbarco sulla Lun, adolescente"
A106,Sarah Crossan,Apple e Rain,Feltrinelli 2016,"Romanzo adolescente, rapporto madre-figlia"
A129,"G. Dobrilla, S. Fuso, S. Oss",Medicina e scienza,Curcu & Genovese 2013,Saggio
A107,Daniel Pennac,Come un romanzo,Feltrinelli 2011,"Saggio, piacere della lettura"
A105,Stefano Benni,La compagnia dei Celestini,Feltrinelli 2006,"Romanzo, metafora società moderna, bene e male"
A104,Paul Dowswell,Auslander,Feltrinelli 2016,"Romanzo, Germania, econda guerra mondiale, nazismo"
A103,Valentina Camerini,Il secondo momento migliore,Feltrinelli 2014,"Romanzo, amicizia, amore"
A099,Alessandro Baricco,Novecento,Feltrinelli 2012,"Monologo teatrale, pianista, piroscafo"
A096,Federico Moccia,Tre metri sopra il cielo,Feltrinelli 2007,"Romanzo rosa, storia d'amore"
A094,Borìs Pasternàk,Il dottor Zivago,Feltrinelli 2012,"Romanzo, amore per due donne, Russia, guerra civile"
A090,Stefania Bertola,Solo Flora,Feltrinelli 2016,"Romanzo, adolescenti, magia, amore"
A085,Erika Silvestri,Il commerciante di bottoni,Rizzoli 2010,"Romanzo, testimonianza, deportazione ebrei"
A080,Debra Ginsberg,Mio figlio Blaze,Tea 2003,"Romanzo, diversità, pregiudizi"
A082,Giuseppe Pontiggia,Nati due volte,Mondadori 2002,"Romanzo, diversità, pregiudizi"
A083,Giuseppe Pontiggia,Nati due volte,Mondadori 2002,"Romanzo, diversità, pregiudizi"
A079,Piersandro Pallavicini,La chimica della bellezza,Feltrinelli 2016,"Romanzo, scienza, università"
A077,Luigi Garlando,‘O Maè' Storia di judo e di camorra,Piemme 2014,"Romanzo , camorra, Gianni Maddaloni, sport"
A076,Matthieu Mantanus,Beethoven e la ragazza con i capelli blu,Mondadori 2016,"Romanzo, musica classica"
A075,Umberto Eco,Storia delle terre e dei luoghi leggendari,Bompiani 2014,"Saggio, leggende, luoghi fantastici"
A059,Lucia Impelluso,La natura e i suoi simboli,Electa 2004,"Dizionario, simbolismo nell'arte"
A070,Christophe Léon,Reato di fuga,Sinnos 2016,"Romanzo, incidente, responsabilità,alta leggibilità"
A066,AA.VV.,"Centifuga fughe, ritorni e altre storie",Sinnos 2016,"Racconti, ragazzi, periferie,alta leggibilità"
A067,Bart Moeyaert,Il club della via Lattea,Sinnos 2011,"Romanzo, adolescenti, estate, ricerca di sé,alta leggibilità"
-,Lev Tolstoj,Anna Karenina,Einaudi 2014,"Romanzo Realismo, Russia, ipocrisia, gelosia, fedeltà,"
A117,Arthur Conan Doyle,Sherlock Holmes Tutti i racconti,Einaudi 2015,"Racconti , Inghilterra, investigazioni, delitti"
A116,Corrado Ceschinelli,Cambiamente,Curcu & Genovese,"Saggio, consapevolezza del vivere"
A071,Federico Appel,Pesi massimi,Sinnos 2014,"Graphic novel, sport, giustizia dignità ,alta leggibilità"
A068,Zita Dazzi,In equilibrio perfetto,Sinnos 2016,"Romanzo, adolescente, malattia,alta leggibilità, rapporto madre-figlia"
A084,Fabrizio Gatti,Viki che voleva andare a scuola,Rizzoli 2010,"Romanzo, immigrazione, periferie, riscatto"
A081,Antonio Ferrara,Il ragazzo e la tempesta,Rizzoli 2014,"Romanzo, rapporto padre-figlio, montagna"
A086,Alison Leslie Gold,Mi ricordo Anna FranK,Bur 2011,"Storia vera, amicizia, Shoah"
A087,Paola Zannoner,Rocco + colomba,De Agostini 2011,"Romanzo storico, Garibaldi, Sicilia, amore"
A069,Catherine Forde,A bomba,Sinnos 2011,"Romanzo, amicizia, skate, acrobazie, Youtube"
A072,AA.VV,Il libro dell’economia,Gribaudo 2015,"Saggio, tasse, recessione, inflazione"
A074,Dominique Lanni,Atlante dei paesi sognati,Bompiani 2016,"Atlante, luoghi fantastici, creature misteriose"
A073,Aude de Tocqueville,Atlante delle città perdute,Bompiani 2014,"Atlante, luoghi misteriosi, città cadute in rovina"
A089,John Grisham,La prima indagine di Theodore Boone,Oscar Mondadori 2012,"Romanzo giallo, adolescente, avvocato"
A088,Xavier Laurent Petit,Be safe,Rizzoli 2011,"Romanzo adolescenti, guerra, musica"
A173,Torey L. Hayden,La foresta dei girasoli,TEA 2011,"Romanzo, ricordi del passato, rapporto madre-figlia"
A215,Margaret Mazzantini,Mare al mattino,Einaudi 2011,"Romanzo profuga, Libia"
A146,Gabriel G. Marquez,Memoria delle mie puttane tristi,Mondadori 2005,"Romanzo breve, amore, vecchiaia"
A212,Stefano Zecchi,Amata per caso,Mondadori 2004,"Romanzo India, adozione"
A206,David Bellemère,La quindici gioie del matrimonio,Newton 1994,"Saggio, matrimonio, ipocrisie, misoginia"
A213,Mika Wlatari,Turms l’Etrusco,Mondadori 1985,"Romanzo storico, ricerca delle proprie origini, viaggio"
A203,Johann Wolfgang von Goethe,Le affinità elettive,Mondadori 2017,"Romanzo, contrasto tra istinto e ragione"
A157,Alberto Bertuzzi,La costituzione comoda,BUR 1981,Saggio
A172,AleKsandr Isaevic Solženicyn,Una giornata di Ivàn Denìsovič,Newton 1993,"Romanzo, Russia anni Cinquanta, gulag"
A171,Edmond Rostand,Cirano di Bergerac,Newton 1993,"Commedia teatrale, Francia, spadaccino, amore"
A169,Daphne du Maurier,A Venezia … un dicembre rosso shocking,BUR 1980,"Racconti fantastici, thriller"
A181,Jack London,Zanna Bianca,Giunti 2004,"Romanzo avventura, lupo, violenza sugli animali"
A178,John N. Wilford,L’enigma dei dinosauri,Mondadori De Agostini 1994,"saggio, paleontologia, dinosauri, scomparsa"
A175,Giorgio Amendola,Un’isola,BUR 1982,"Autobiografia politica, Italia, partito Comunista"
A158,Sandra Frattini,Le orchidee del Monte Vallassa,Guardamagna Editori 2016,"Saggio, orchiedee selvatiche, Valle Staffora"
A179,Steven Weinberg,I primi tre minuti,Mondadori De Agostini 1994,"Saggio, cosmologia, fisica,"
A177,Jerry Spinelli,Per sempre Stargirl,Oscar Mondadori 2012,"Romanzo, adolescente anticonformista, amicizia"
A174,AA. VV,Incontri nell’aula 18,Libreria Ticinum Editore 2016,"Racconti, studenti Maserati"
A180,Sinesio,Elogio della calvizie,BIT 1995,"Operetta, esempio di retorica"
A176,Dario Sabbatucci,"Tarquinia, la pittura etrusca",De Agostini,"Saggio, opere artistiche etrusche"
A170,Doriana Martini,Prigionieri di noi stessi,Grauseditore 2015,"Saggio, famiglia, egoismi, sentimenti"
A160,Isabel Allende,La casa degli spiriti,Feltrinelli 1987,"Romanzo storico, Cile, amore"
A161,Christian Jacq,Il romanzo di Ramses,Mondadori 1997,"Romanzo storico, antico Egitto, faraone Ramesse II"
A168,Platone,Simposio,BUR 2016,"Dialogo filosofico, amore, filosofia"
A156,Giovanni Verga,Dal tuo al mio,BIT 1995,"Romanzo, roba, Sicilia,"
A154,Luigi Pirandello,Donna Mimma,Newton 1995,"Novella, levatrice, pregiudizi"
A164,Luigi Pirandello,Amori senza amore,Newton 1995,"Novella, amore, convenzioni sociali, interesse"
A153,Seneca,La vera gioia,BIT 1995,"Epistola filosofica , senso della vita, felicità"
A163,Patricia Cornwell,Oggetti di reato,Mondadori 1992,"Romanzo giallo, Kay Scarpetta, assassinio"
A152,Anton Paulovic Čechov,La fidanzata e altri racconti,BIT 1995,"Racconti, donne, ironia"
A150,Malorie Blackman,Hacker,Carlo Signorelli Editore 2000,"Romanzo giallo, pirateria informatica, figli"
A159,Nick Hornby,Alta fedeltà,Guanda 1995,"Romanzo, matrimonio, ironia, gossip,"
A167,Italo Svevo,Il mio ozio e altri racconti,BIT 1995,"Racconti, vecchiaia"
A162,Giorgio Amendola,Una scelta di vita,BUR 1976,"Autobiografia politica, Italia, partito Comunista"
A166,Luigi Pirandello,Un matrimonio ideale e altre novelle,BIT 1995,"Novelle, matrimonio, ironia"
A165,Apuleio,La favola di Amore e Psiche,Newton 1995,"racconto, amore, mitologia"
A149,Gabriele D’Annunzio,L’innocente,Mondadori 1976,"Romanzo esteta, infanticidio"
A151,Andrea Camilleri,Donne,Rizzoli 2016,"Ritratti femminili, amore, bellezza"
A145,Annette Wieviorka,Auschwitz spiegato a mia figlia,Einaudi 1999,"Saggio, shoah, campi di sterminio"
A144,Andrea De Carlo,Giro di vento,Bompiani 2004,"Romanzo, amicizia, paure, sogni"
A141,Nicolas Barreau,Con te fino alla fine del mondo,Feltrinelli 2008,"Romanzo rosa, storia d'amore, lettera dì'amore"
A135,Werner Keller,La civiltà etrusca,Euroclub 1979,"Saggio, archeologia, Toscana"
A133,Nicolas Barreau,Gli ingredienti segreti dell’amore,Feltrinelli 2012,"Romanzo rosa, Parigi, storia d'amore, ristorante"
A138,"F. Segù, P. Loaldi",Frammenti,UES 2012,"Storie di giovani, buoni sentimenti, valori"
A131,Roberto Saviano,Gomorra,Mondadori 2006,"Romanzo, malavita, boss, camorra, Campania"
A148,Alba de Céspedes,Prima e dopo,Mondadori 1955,"Romanzo, ricordi del passato, consapevolezza"
A155,Natalia Ginzburg,Lessico famigliare,Mondadori 1974,"Romanzo autobiografico, famiglia, amicizia, antifascismo"
A147,Andrea De Carlo,Due di due,Mondadori 2001,"Romanzo di formazione, amicizia, disagio esistenziale"
A143,John Grisham,Il broker,Mondadori 2005,"Romanzo giallo, spionaggio informatico"
A142,Kader Abdolah,La casa della moschea,Iperborea 2011,"Romanzo, Persia, famiglia, moschea"
A139,Norman T. Di Giovanni,Novecento,Longanesi 1977,Romanzo storico
A137,Dino Buzzati,Il deserto dei tartari,Mondadori 1974,"Romanzo, tempo, attesa, morte"
A136,Ernest Hemingway,I racconti di Nick Adams,Mondadori 1976,Racconti autobiografici
A129,Gabriel G. Marquez,Notizia di un sequestro,Mondadori 1998,"Reportage giornalistico Pablo Escobar, sequestro americani"
A130,Gabriel G. Marquez,L’autunno del patriarca,Mondadori 2002,"Romanzo, America latina dittatura, potere"
A132,Gabriel G. Marquez,Cent’anni di solitudine,Mondadori 1996,"Romanzo, famiglia, Macondo, solitudine"
A134,F. Scott Fitzgerald,Gli ultimi fuochi,Mondadori 1974,"Romanzo, Hollywood, mondo del cinema, declino morale"
A128,Rita Franchini Ponti,La luna nel pozzo,Grafiche Ortolan 2009,"Romanzo,amicizia"
A241,Alessia Gazzola,L’allieva,Longanesi 2016,"Romanzo, medicina legale, omicidio"
A207,Bram Stoker,Dracula,Einaudi 2016,"Romanzo, vampiri, male, Vlad II detto Dracul"
A221,Elizabeth Bowen,The House in Paris,Penguin Boooks 1976,"Romanzo, Parigi, amicizia, borghesia"
A209,Gabriel G. Marquez,Cent’anni di solitudine,Mondadori 1987,"Romanzo, famiglia, Macondo, solitudine"
A201,Robert S. Elegant,Manciù,Bompiani 1987,"Romanzo d' avventura, Cina, dinastia Ming, armi"
A216,Jack London,Il richiamo della foresta,Mondadori 2011,"Romanzo d' avventura, Alaska, cane da slitta, Buck"
A214,Giuseppe De Grassi,Occhi di ragazzo,Rai Eri 2002,"Biografia, Gianni Morandi, canzoni"
A282,AAVV,Racconti di montagna,Einaudi 2008,"Racconti, storie di neve, guerra, giovinezza"
A280,Nicholas Evans,L’uomo che sussurrava ai cavalli,RCS 1995,"Romanzo, trauma psicologico, cowboy"
A277,Arthur Conan Doyle,Sherlock Holmes La valle della paura,Fabbri Editori 2002,"Romanzo, indagine, scienziato malefico"
A276,Christophe Léon,Reato di fuga,Sinnos 2016,"Romanzo, incidente, responsabilità"
A238,Arwen Elys Dayton,Seeker,Sperling & Kupfer 2016,"Romanzo fantasy, eroina, avventura"
A235,Nathaniel Hawthorne,La lettera scarlatta,Mondadori 2015,"Romanzo, amore adulterio, pregiudizio"
A234,Fedor Dostoevskij,Memorie dal sottosuolo,Mondadori 2017,"Romanzo, confessione, ipocondriaco, emarginazione"
A190,Antonio Forcellino,1545,Laterza 2008,"Saggio Rinascimento italiano, artisti, scandali"
A193,Ken Follett,L’uomo di Pietroburgo,Mondadori 1982,"Romanzo giallo, suspanse, Londra 1914, spionaggio"
A188,Gabriel G. Marquez,Cronaca di una morte annunciata,Mondadori 1981,"Romanzo, Colombia, morte, onore, vendetta, omertà"
A186,Ellis Peters,Un cadavere di troppo,TEA 1990,"Romanzo, Medioevo, delitto, fratello Cadfael"
A196,Sigmund Freud,L’interpretazione dei sogni,Rusconi libri 2016,"Saggio, psicanalisi, inconscio, psiche"
A200,Michael J. Gelb,Il segreto da Vinci,Il Saggiatore2004,"Saggio, Leonardo, opere"
A198,Federico Moccia,Tre metri sopra il cielo,Feltrinelli 2005,"Romanzo rosa, storia d'amore"
A201,Paulo Coelho,Sulla sponda del fiume Pietra mi sono seduta e ho pianto,Mondadori 1996,"Romanzo, storia d'amore, essenza della vita"
A199,Friedrich Nietzsche,Così parlò Zarathustra,Mondadori 2016,Saggio filosofico
A194,Ken Follett,Il terzo gemello,Mondadori 1997,"Romanzo giallo, gemelli separati alla nascita, scienziata"
A192,Luca Nascimbene,Il ragazzo che cantava poesie d’amore,Youcanprint 2017,Raccolta di poesie
A187,Luigi Pirandello,Sei personaggi in cerca d’autore,Newton 1993,"Dramma, incomunicabilità conflitto essere-apparire"
A189,Robert L. Stevenson,Lo strano caso del Dr. Jekyll e Mr. Hyde,Newton 1992,"Romanzo gotico, bene e male, ruolo scienza"
A190,Charles Dickens,Le avventure di Oliver Twist,Mondadori 2015,"Romanzo, Londra, orfano, sfruttamento minorile"
A196,Silvana De Mari,Giuseppe figlio di Giacobbe,Effatà Editrice 2014,Riscrittura di brano biblico
A199,Isabel Allende,Le avventure di aquila e giaguaro,Feltrinelli 2004,"Romanzo, avventura Amazzonia,adolescenti"
A232,Luca Reteuna,E dopo? Energie rinnovabili per tutti,Effatà editrice 2009,"Saggio, energie rinnovabili"
A229,Chris Weitz,The new order,Sperling & Kupfer 2016,"Romanzo distopico, epidemia, fine del mondo"
A233,Luca Reteuna,Cure dolci cure,Effatà editrice 2010,"Saggio, medicina naturale, Omeopatia, Reiki, Riflessologia"
A237,S. Calvani M. Albertazzi,Saccheggio mondiale,Effatà editrice 2011,"Saggio, affari della criminalità"
A185,John le Carré,Il canto della missione,Mondadori 2006,"Romanzo, Africa, interprete, sfruttamento"
A183,Enzo Biagi,Lettera d’amore a una ragazza di una volta,Rizzoli 2003,"Ricordi, amore, amicizie, morte"
A181,Nicholas Sparks,Quando ho aperto gli occhi,Frassinelli 2003,"Romanzo sentimentale, amicizia, amore"
A179,Nicholas Sparks,Le parole che non ti ho detto,Frassinelli 1998,"Romanzo sentimentale, amore"
A205,-,Eserciti della guerra del golfo 1990-91,Edizioni del prado 1998,"Saggio storico, armi"
A210,-,Normandia 1944,Edizioni del prado 1998,"Saggio storico, armi"
A183,Andrew Lane,Young Sherlock Holmes,DeAgostini 2014,"Romanzo, investigazione, signor Crowe"
A182,Gerhard Konzelmann,Maometto,Bompiani 1991,"Biografia, pensiero politico, islam"
A185,Presidenza del Consiglio dei Ministri,Italiane Volume III,-,"dizionario biografico, donne celebri"
A264,D. Agasso Jr. A. Celeghini,Uno sarà preso,Effatà editrice 2008,"Testimonianza storica, guerra partigiana, fascismo,"
A263,Giuseppe Catozzella,Non dirmi che hai paura,Feltrinelli 2014,"Romanzo, Samia, atleta , immigrazione,"
A261,Franco Causio (Italo Cucci),Vincere è l’unica cosa che conta,Sperling & Kupfer 2015,"Biografia, calcio, Juventus, Barone"
A260,Tacito,Annali,Mondadori 2014,"Saggio storico, Roma, dal 14 d.C., fino a Nerone"
A258,Giuseppe Catozzella,Il grande futuro,Feltrinelli 2016,"Romanzo, Islam, reclutamento"
A189,Conor Grennan,Sette fiori di senape,Piemme 2011,"Romanzo, Kathmandu, orfanatrofio, ricerca"
A218,William Shakespeare,La tempesta,Mondadori 2017,"Commedia, isola deserta, Prospero, Ariel, duca di Milano"
A224,Alex Soojung-Kim Pang,Dipendenza digitale,Edizioni LSWR 2013,"Saggio, dipendenza social, tecnologia"
A227,Marco Braico,Metà di tutto,Effatà editrice 2013,"Romanzo, professore, leucemia, speranza"
A228,Nicola Gardini,Viva il latino,Garzanti 2016,"Saggio, utilità del latino,"
A225,Nadia Tempest,10 cose che non avresti mai pensato di fare,Sperling & Kupfer 2016,"Saggio confronto vita attuale e senza social,"
A231,Stephen King,On writing,Frassinelli 2015,"Autobiografia, manuale di scrittura"
A219,Luis Sepúlveda,Il vecchio che leggeva romanzi d’amore,Guanda 2001,"Romanzo foresta amazzonica, tigrillo"
A217,Giovanni Boccaccio,Decameron,Mondadori 2015,"Raccolta di novelle, Firenze, peste, Trecento"
A220,Javier Ruescas,Tutti i colori di te,Feltrinelli 2016,"Romanzo sentimentale, Casanova,"
A197,Amy Hempel,Ragioni di vivere,Serra e Riva Editori 1986,"Racconti di vita vissuta, manie, ossessioni"
A195,Don Antonio Mazzi,Pinocchio e i suoi fratelli,Piemme 1995,"Esperienze di vita, recupero tossicodipendenti, comunità"
A184,Albert Einstein,Lo spazio è una questione di tempo,RBA 2014,"Saggio, teoria della relatività, fisica quantistica"
A182,Paolo Mosca,Il nuovo senso della vita,Sperling 2003,"Saggio, Gandhi, ricerca dell'armonia"
A226,Nicholas Sparks,La risposta è nelle stelle,Frassinelli 2013,"Romanzo sentimentale, storie d'amore a confronto"
A230,Charlotte Roth,Quando eravamo immortali,Sperling & Kupfer 2014,"Romanzo, Berlino, crollo del muro, amore"
A222,Gavriel Savit,Anna e l’Uomo delle rondini,Sperling & Kupfer 2016,"Romanzo storico, 1939, Polonia, nazisti, fuga"
A223,Shakespeare,Sogno di una notte di mezz’estate,Mondadori 2017,"Commedia, nozze, attori, fate"
A221,Jenny Lawson,Follemente felice,Sperling & Kupfer 2015,"Romanzo comico, flusso di coscienza, depressione"
A243,Seneca,Apokolokyntosis,Mondadori 2017,"Satira, Claudio,"
A246,Jonathan Coe,Lo specchio dei desideri,feltrinelli 2012,"Romanzo, adolescente, specchio, desideri"
A249,Robin Hobb,L’assassino,Sperling & Kupfer 2015,"Romanzo fantasy,"
A224,Charles Baudelaire,I fiori del male,Mondadori 2014,"raccolta lirica, Simbolismo"
A266,AAVV,Fidati di me,Sperling & Kupfer 2015,Romanzo
A178,Giuseppe Culicchia,Un’estate al mare,Garzanti 2007,"Romanzo, storia d'amore, ritratto società anni 80"
A173,Giorgio Faletti,Niente di vero tranne gli occhi,Baldini Castoldi Dalai editore 2004,"Romanzo giallo, omicidi, Peanuts,"
A193,Giorgio Rochat,Le guerre italiane 1935- 1943,Einaudi 2005,Saggio storico
A191,Giuseppe Sicheri,Vino è salute,Saviolo edizioni 2008,"Saggio,"
A242,Andrew Fukuda,The Hunt,Il castoro 2013,"Romanzo, adolescente, vampiri"
A240,Paul Dowswell,L’ultima alba di guerra,Feltrinelli 2016,"Romanzo, Axel, Will e Eddie tre giovani combattenti, 1918"
A239,Edmondo De Amicis,Cuore,Mondadori 2016,"Romanzo per ragazzi, diario, unità d' Italia"
A254,Giovanni Verga,Mastro-don Gesualdo,Mondadori 2017,"Romanzo, Verismo, Ciclo dei Vinti"
A252,Erasmo da Rotterdam,Elogio della follia,Mondadori 2017,Saggio filosofico
A251,Fëdor Dostoevskij,Il sosia,Mondadori 2016,"Romanzo, sdoppiamento dell'io, dvojnik"
A180,Federico Moccia,Ho voglia di te,Feltrinelli 2006,"Romanzo, storia d'amore seguito di ""3 metri sopra il cielo"
A204,Miguel de Cervantes,Don Chisciotte della Mancia,Mondadori 2017,"Romanzo, Spagna, hidalgo impazzito, Sancho Panza"
A208,Luca Reteuna,Sorella Acqua,Effatà editrice 2012,"Saggio, ecologia"
A197,Alessandro Gisotti,11 settembre Una storia che continua,Effatà editrice 2011,saggio storico
A198,Stephen King,Misery,Sperling & Kupfer 2015,"Romanzo thriller, Paul Sheldon, ammiratirice fanatica"
A195,Mario Dal Bello,Caravaggio,Effatà editrice 2007,Saggio storia dell'arte
A193,Gian Luca Favetto,Un’eterna solitudine,Effatà editrice 20124,Religione
A194,Elena Lowenthal,Un’annunciazione,Effatà editrice 2014,Religione
A191,Margherita Oggero,Amen,Effatà editrice 2014,Religione
A192,Giancarlo Galli,Gli Agnelli,Mondadori 1997,Saggio storia
A188,Victor Hugo,L’ultimo giorno di un condannato a morte,Newton 1993,"Romanzo, riflessioni sulla vita"
A186,Charles Dickens,Le campane,Newton 1993,"Romanzo, società inglese dell'Ottocento, dignità umana, oppressi"
A184,Murakami Haruki,Norwegian wood,Einaudi 1987,"Romanzo, romanzo sull'adolescenza, Toru"
A273,Vernor Vinge,I naufraghi del tempo,Mondadori 1986,"Romanzo di fantascienza, umanità distrutta"
A166,MAngela Nanetti,Morte a Garibaldi,Giunti 2011,"Romanzo, adolescente, rapporto col padre"
A162,Federico Moccia,Tre metri sopra il cielo,Mondadori 2005,"Romanzo storia d'amore giovani, Roma"
A161,Jostein Gaarder,Il mondo di Anna,Longanesi 2013,"Romanzo, amore per la natura, cambiamenti climatici"
A285,Peter Atkins,Le regole del gioco,Zanichelli 2014,"Saggio, regole della termodinamica"
A271,Douglas Adams,"La vita, l’Universo e tutto quanto",Mondadori 2009,"Romanzo,"
A272,Robert Silverberg,Pianeta senza scampo,Mondadori 2002,"Saggio,ambiente"
A275,Arthur Conan Doyle,The Memoirs of Sherlock Holmes,Giunti 2001,"Giallo, lingua inglese"
A274,Dava Sobel,Longitude,Fourth Estate London 1998,Lingua inglese
A284,Karl R. Popper John Condry,Cattiva maestra televisione,Reset Donzelli editore1994,Saggio
A279,Beppe Severgnini,L’italiano Lezioni semiserie,Rizzoli 2007,"Saggioi, lingua"
A278,Christopher Paolini,Eragon,Bur 2003,"Romanzo, fantasy, draghi"
A283,Tom Clancy,La grande fuga dell’Ottobre Rosso,RCS 1997,"Romanzo, Techno-triller"
A281,Alessio Grosso,Apocalisse bianca,Mursia 2004,Romanzo.meteo-triller
A174,Jenny Lawson,Facciamo finta di niente,Sperling & Kupfer 2016,Romanzo
A177,Karen Blixen,La mia Africa,Feltrinelli 1992,Young adult
A176,Roberto Perrone,Banana football Club,Rizzoli 2012,"Romanzo, sport, identità"
A172,Giorgio Faletti,Fuori da un evidente destino,Baldini e Castoldi Dalai 2006,"Romanzo, suspence"
A157,Markus Zusak,Storia di una ladra di libri,Sperling & Kupfer 2015,"Romanzo, amore per la lettura"
A150,Rosa Montero,Storia del Re Trasparente,Frassinelli 2005,Romanzo storico
A153,Marco Malvaldi,L’infinito tra parentesi,Rizzoli 2016,Saggio
A155,Andrea Vitali,La modista,Garzanti 2008,Romanzo
A138,Vivian Lamarque,Poesie 1972-2002,Mondadori 2002,Fantasy
A154,John Tiffany e Jack Thorne,Harry Potter e la maledizione dell’erede,Salani 2016,"Romanzo fantasy, maghi"
A140,Viviana Mazza,Il bambino Nelson Mandela,Mondadori 2014,Romanzo storico
A139,Lucia Troisi,Cronache del mondo sommerso,Mondadori 2004,Romanzo fantasy
A151,Paola Mastrocola,L’anno che non caddero le foglie,Guanda 2016,Favola
A142,Mark Haddon,Boom!,Einaudi 2009,"Roamzo, identità, alta leggibilità"
A265,John Grogan,Io & Marley,Sperling & Kupfer 2015,"Romanzo, cane, amore"
A262,Jason R. Briggs,Python per ragazzi,Edizioni LSWR 2016,Saggio
A259,Anna Todd,Imagines,Sperling & Kupfer 2016,Romanzo storico
A144,Edoardo Nesi,Storia della mia gente,Bompiani 2011,Romanzo storico
A143,Cinzia Montagna,Chi ha paura di Caterina?,Primula Editore 2016,"Romanzos storico, streghe"
A149,Giampaolo Pansa,Ma l’amore no,Sperling & Kupfer 1994,Romanzo storico
A152,Andrw Lane,Young Sherlock Holmes Trappola velenosa,De Agostini 2012,Giallo
A148,Paul Bowles,Il tè nel deserto,Garzanti 1990,Romanzo
A267,Stephen King,On writing,Frassinelli 2015,Scrittura
A270,Eugenio Del Toma Agostino Macrì,L’alimentazione equilibrata,Edra Edizioni LSWR 2016,Saggio
A253,Plauto,Poenulus Truculentus,Mondadori 2015,Teatro
A247,Patrick Süskind,Il profumo,TEA 1985,"Romanzo, delitti"
A245,Luca Reteuna,Speriamo nel mare!,Effatà editrice 2013,Saggio
A255,Stephen Chbosky,Noi siamo infinito,Sperling & Kupfer 2015,"Romanzo, amore, adolescenza"
A141,Victor Hugo,Notre-Dame de Paris,Einaudi 1972,"Romanzo, cattedrale, amore"
A250,Alessandro Gisotti,Dio e Obama,Effatà editrice 2010,Saggio
A147,Sam Savage,Firmino,Einaudi 2007,"Romanzo, topi, biblioteca"
A146,Antonio Tabucchi,Il piccolo naviglio,Feltrinelli 2011,Romanzo
A257,Giorgio Faletti,Niente di vero tranne gli occhi,Mondadori 2004,"Romanzo giallo,"
A248,Nicolas Vanier,Belle & Sebastien,Sperling & Kupfer 2014,Romanzo
A168,Timothy Lewis,Solo una volta nella vita,Giunti 2013,Romanzo
A171,Susanna Tamaro,Ascolta la mia voce,RCS 2006,Romanzo
A170,Paulo Coelho,Lo Zahir,RCS 2005,Romanzo
A187,Vamba,Il giornalino di Gian Burrasca,DeAgostini 2009,Romanzo di formazione
A159,Guido Sgardoli,O sei dentro o sei fuori,Edizioni EL 2010,"Romanzo,amicizia"
A156,Silvia Avallone,Acciaio,Rizzoli 2010,"Roamnzo, adolescenza,degrado, periferie"
A145,Antonio Forcellino,Raffaello Una vita felice,Editori GLF Laterza 2006,"Saggio, biografia"
A286,Silvia Vaccari,Days in space,Vaccari 2009,Diario
A175,Giulio Cesare Giacobbe,Come smettere di farsi le seghe mentali e godersi la vita,Ponte alle grazie 2003,Satira
A140,Giulio Cesare Giacobbe,Come diventare un Buddha in cinque settimane,Ponte alle grazie 2005,Satira
A200,Oscar Wilde,Il ritratto di Dorian Gray,Universale economica Feltrinelli 2016,"Romanzo, doppio, bene-male"
A256,Luigi Pirandello,"Uno,nessuno,centomila",Universale economica Feltrinelli 2016,"Romanzo, identità, psicologia"
A160,Francesca Longo,Come ti sequestro la prof,Edizioni EL 2010,"Romanzo, scuola,amicizia"
A163,Paola Zannoner,Sopra l’acqua sotto il cielo,Mondadori 2007,Narrativa ragazzi
A169,Paul Bakolo Ngoi,Colpo di testa,Rizzoli 2010,Narrativa ragazzi
A158,John Grisham,"Theodore Boone , la ragazza scomparsa",Mondadori 2011,Giallo
A164,Antonella Ossorio Adama Zoungrana,Se entri nel cerchio sei libero,Mondadori 2010,Romanzo di formazione
A165,Maurie-Aude Murail,Cecile il futuro è per tutti,Giunti 2010,Integrazione
A167,Fernando Corbalan,"La sezione aurea, il linguaggio matematico della bellezza",RBA 2011,Saggio
A204,Massimo Gramellini Chiara Gamberale,Avrò cura di te,Longanesi 2012,Romanzo
A206,Massimo Gramellini,Fai bei sogni,Longanesi 2013,"Romanzo, dolore, giornalismo,"
A208,E.J.Michael,Regina del sole,Sonzogno 1996,Romanzo
A205,Andrea Vitali,La mamma del sole,Garzanti 2010,Romanzo
A204,Adam Blade Beast Quest,Fern oil signore del fuoco,Salani 2015,Fantasy
A213,Paolo D’agostini,"Dizionari del cinema, commedia",Electa 2009,Dizionari tematici
A211,Giacobbe Fragomeni,"All’ultimo round, la mia storia",Limina 2013,Romanzo
A210,Carlo Cassola,L’antagonista,Rizzoli 1976,Romanzo
A212,Albert Einstein,Come io vedo il mondo - la teoria della relatività tascabili,Newton 1993,Saggio
A092,Sally Gardner,Il pianeta di Standish,Feltrinelli 2013,"Romanzo fantascienza, adolescenti"
A202,PatricK Dennis,Intorno al mondo con zia Mame,Adelphi 2011,Romanzo
A207,Wilbur Smith,Monsone,Longanesi 1999,Romanzo
A236,Kiera Cass,Il Mondo di The selection,Sperling & kupfer 2015,Romanzo
A217,John Grisham,L’uomo della pioggia,Oscar Mondadori 1997,"Romanzo, assicurazioni, imbrogli"
A216,Barbara Taylor Bradford,L’amore non può attendere,Sperling & kupfer 2009,Romanzo
A215,Frances Hardinge,Volo nella notte,Fabbri editore 2006,Romanzo
A209,Ken Follett,Un luogo chiamato libertà,Mondadori 1995,Romanzo
A203,Marie Cardinal,Le parole per dirlo,Bompiani 1981,Romanzo
A290,Emanuela Nava,Sulle orme di Gandhi storia e storie di Vandana Shiva,editoriale scienza 2007,Storia vera
A291,Andrew Matthews,"L’amore , la vendetta,la magia",Einaudi 2006,Romanzo
A292,Beatrice Masini,"Signore e signorine,corale greca",Einaudi 2004,Romanzo
A293,Ermina dell’Oro,Un treno per la vita. Fuga verso la libertà,Bruno Mondadori 2003,Romanzo
A294,Luigi Flishmann,Un ragazzo ebreo nelle retrovie,Ghisetti e Corvi editore 2004,Romanzo
A295,Graziella Favaro,La zuppiera di MarzuK,Carthusia 2002,Italiano L2
A296,Carla Bisi Castellani,La casa di via Colombo .Tempo di guerra a Milano,Ibis 2005,Memoprialistica
A297,Annamaria Gangai,Emozioni,Albatros 2011,Romanzo
A298,Stefano Mencherini,Il pane loro,Manni 2001,Teatro civile
A299,-,III concorso lett.codex purpureus,sistema bibliotecario tortonese 2004,-
A300,Raffaella Gavoni Gianangelo Ranzini,Il teatro dei ragazzi,Cedam 1997,Saggio
A301,Serena Zoli,Il lavoro smobilita l’uomo,Longanesi 2008,Satira
A302,Riccardo E. Grassi,Il fruscio lieve della gioia,Infinito 2015,Romanzo
A303,Cinzia Montagna,Chi ha paura di Caterina?,Primula Editore 2016,Romanzo storico
A304,Igiaba Scego,La mia casa è dove sono,Loescher 2012,Autobiografia
A305,Ann Brashares,Quattro amiche e un paio di Jeans,Fabbri Editori 2005,"Romanzo di formazione,amicizia"
A306,Gordon Korman,Le Trentanove chiavi - La falsa nota,Piemme Junior 2008,narraiva ragazzi
A307,-,Il Quotidiano in classe,La nuova Italia 2012,Saggio
A308,-,Il Quotidiano in classe,La nuova Italia 2016,Saggio
A309,-,Indovinelli di nonna e giochi di una volta,-,-
A310,-,Modi di dire Pronti all'uso e luoghi comuni da evitare,-,-
A311,Rudyard Kipling,The Jungle books,Penguin Boooks 1994,Lingua inglese
A312,Uhlman- Malle,L'amico ritrovato- Arrivederci ragazzi,Edizioni Scolastiche Bruno Mondadori 2006,Romanzo di formazione
A313,Daniel Defoe,Robinson Crusoe,Oxford Paperbacks,Lingua inglese
A314,Lewis Carroll,Alice's adventures in Wonderland and through the looking-glass,Oxford Paperbacks,Lingua inglese
A315,Michael Ende,La storia infinita,Einaudi Scuola 1981,Fantasy
A316,Virginia Woolf,Mrs Dalloway,CIDEB 1992,Lingua inglese
A317,Henry Fielding,The History of Tom Jones a foundling,Penguin Readers 1999,Lingua inglese
A318,Alain De Botton,The consolations of philosophy,Penguin Boooks 1994,Lingua inglese
A319,Mark Twain,Le avventure di Huckleberry Finn,Lattes 2012,Avventura
A320,Sir Steve Stevenson,Agatha Mistery L'enigma del faraone,Corriere della Sera,Giallo
A321,Domenico Bartolini- Riccardo Pontegobbi,Leggere l'olocausto. Proposte di lettura per ragazzi ed educatori,Idest 1998,Antologia
A322,Gruppo di lavoro Integrazione scol. PV,F.O.T.O.S Formazione teatro Orientamento SperimentazioneUfficio Scolastico PV,-,Saggio
A323,IgnazionSilone,L'avventura d'un povero cristiano,Oscar Mondadori 1968,Romanzo
A324,Jean Paul Sartre,Morti senza tomba - Le mani sporche,Oscar Mondadori 1949,Romanzo
A325,Alfredo Panzini,Il padrone sono me,Oscar Mondadori 1922,"Romanzo,lingua inglese"
828,William Thackeray,Vanity fair,Oxford University Press 1983,"Romanzo,lingua inglese"
827,Charles Dickens,David Copperfield,Oxford University Press 1982,"Romanzo,lingua inglese"
809,Jack London,"The call of the Wild, White fang and other stories",Oxford University Press 1991,"Romanzo,lingua inglese"
810,Robert L. Stevenson,Dr. Jekyll and Mr. Hyde and Weir of Hermiston,Oxford Univesity Press 1987,"Romanzo,lingua inglese"
823,Daniel Defoe,Moll Flanders,Oxford University Press 1981,"Romanzo,lingua inglese"
806,Viginia Woolf,Orlando,Oxford University Press 1992,"Romanzo,lingua inglese"
A1072,Michail Bulgakov,Il maestro e Margherita,I Minimammut,"Romanzo, Mosca, diavolo"
A1070,Francis Scott Fitzgerald,Il grande Gatsby,I Minimammut,"Romanzo, anni Venti, amore"
A1071,Gabriele D’Annunzio,Il piacere,I Minimammut,"Romanzo, Decadentismo, dandy"
A1074,Renata Viganò,L’Agnese va a morire,Einaudi,"Romanzo, resistenza"
A1028,Isaac B. Singer,Nuove storie alla corte di mio padre,Longanesi,"Racconti, varsavia, ghetto ebraico"
A1073,Oriana Fallaci,Oriana Fallaci intervista Oriana Fallaci,Corriere della sera,"Saggio, storia, giornalismo"
A1056,Oriana Fallaci,La rabbia e l’orgoglio,Best Bur,"Saggio, Torri gemelle, islamismo"
A1046,Rosetta Loy,La parola ebreo,Einaudi,"Romanzo storico, persecuzioni razziali"
A1027,Yann Martel,Vita di Pi,Piemme,"Romanzo, viaggio, naufragio"
A1057,Oriana Fallaci,Quel giorno sulla luna,Bur,"Saggio, allunaggio"
A1063,Stefano Benni,Achille piè veloce,Feltrinelli,"Romanzo, amicizia, disagio"
A1005,Giovanni Verga,Storia di una capinera,Crescere Edizioni,"Romanzo, conversione forzata, amore"
A1130,Jonathan Safran Foer,"Molto forte, incredibilmente vicino",Guanda,"Romanzo, torri gemelle, ricerca"
A1035,Schopenhauer,L’arte di ottenere ragione,Adelphi,"Saggio filosofico, dialettica"
A1000,Italo Svevo,La coscienza di Zeno,Newton,"Romanzo, identità, psicologia"
A1044,Luigi Pirandello,Sei personaggi in cerca d’autore,Crescere Edizioni,"Dramma, identità"
A1047,Roy Lewis,Il più grande uomo scimmia del pleistocene,Adelphi,"Romanzo, specie umana"
A1067,Jane Austen,Tutti i romanzi,Newton,"Raccolta, romanzi"
A1002,Edgar Allan Poe,Storia di Gordon Pym,Rizzoli,"Romanzo, avventura, marinai"
A1065,Oscar Wilde,Aforismi,Barbera Editore,raccolta pensieri
A1064,Oscar Wilde,L’importanza di essere Franco,Rusconi,"Commedia, equivoci,"
A1066,Siobhan Dowd,La bambina dimenticata dal tempo,Uovonero,"Romanzo adolescenza, Irlanda"
A1003,UgoFoscolo,Le ultime lettere di Jacopo Ortis,Espresso,"Romanzo epistolare, illusioni, amore,morte"
A1009,Dino Buzzati,Il deserto dei Tartari,O. Mondadori,"Romanzo,viaggio, tempo"
A1001,Ignazio Silone,Fontamara,O. Mondadori,"Romanzo, Abruzzo, difficoltà"
A1026,Judith Kerr,Quando Hitler rubò il coniglio rosa,Bur ragazzi,"Romanzo, infanzia , persecuzioni razziali"
A1076,Antonio Skarmeta,Il postino di Neruda,Garzanti,"Romanzo, amore,"
A1075,Carlo Goldoni,La locandiera,O. Mondadori,"Commedia, amore, beffa, borghesia"
A1007,Antonio Fogazzaro,Malombra,Repubblica,"Romanzo, pazzia, identità, amore"
A1029,Harper Lee,Il buio oltre la siepe,Feltrinelli,"Romanzo, omicidio, razzismo"
A1080,Helen Humphreys,Il giardino perduto,Playground,Romanzo
A1079,Charles Dickens,David Copperfield,Crescere Edizioni,"Romanzo di formazione, orfano"
A1077,Annie Franҫois,La lettrice,Guanda,Romanzo
A1078,Antonio Tabucchi,Sostiene Pereira,Feltrinelli,"Romanzo storico, Lisbona,"
A1062,Grazia Deledda,Canne al vento,San Paolo,"Romanzo,"
A1069,Giovanni Verga,Mastro Don Gesualdo,Newton,"Romanzo, verismo,"
A1061,Luigi Pirandello,Uno nessuno e centomila,Newton,"Romanzo, crisi identità"
-,Gabriele D’annunzio,Il piacere,Gulliver,"Romanzo, estetismo"
A1016-a,Miguel de Cervantes,Don Chisciotte della Mancia 2 vol.,Deagostini,"Romanzo, Hidalgo, avventure"
A1016-b,Miguel de Cervantes,Don Chisciotte della Mancia 2 vol.,Deagostini,"Romanzo, Hidalgo, avventure"
A1034,SiobhanVivian,La lista,UP Feltrinelli,"Romanzo, adolescenza, difficoltà"
A1006,Italo Calvino,Marcovaldo,Mondadori,"Romanzo, natura, città"
A1025,Edgar Allan Poe,Racconti del mistero,Super Bur,Racconti mistero
A1008,Luigi Capuana,Il marchese di Roccaverdina,De Agostini,Romanzo
A1004,Emily Brontë,Cime tempestose,De Agostini,"Romanzo, passione"
A1131,Isaac Asimov,Le grandi storie della fantascienza,Newton,"Racconti, fantascienza"
A1013,Terry Brooks,Il ciclo di Shannara,Mondadori,Raccolta romanzi fantasy
A1012,Terry Brooks,L’ultima magia,Oscar Mondadori,Romanzo fantasy
A1014,Terry Brooks,Il labirinto,Oscar Mondadori,Romanzo fantasy
A1038,Paulo Coelho,L’Alchimista,Bompiani,"Romanzo, filosofia, libertà"
A1021,Suzanne Collins,Gregor (la profezia del flagello),Oscar Mondadori,Romanzo fantasy
A1048,Lindsey Davis,In pasto ai leoni,Marco Tropea editore,"Romanzogiallo storico, antica Roma"
A1033,Vanessa Diffenbaugh,Il linguaggio segreto dei fiori,Garzanti,"Romanzo, solitudine, adozione"
A1023,Arthur Conan Doyle,Uno studio in rosso,Oscar Mondadori,Racconto giallo
A1022,Arthur Conan Doyle,Uno studio in rosso,Il sole 24 ore,Racconto giallo
A1015,David Eddings,La grande dea,Sperling & kupfer,Romanzo fantasy
A1039,Gandhi,La voce della verità,Grandi Tascabili newton,"Discorsi e pensieri, pace, libertà"
A1030,Paolo Giordano,La solitudine dei numeri primi,Oscar Mondadori,"Romanzo, adolescenza, trauma, solitudine"
A1054,Hemingway,Per chi suona la campana,Oscar Mondadori,"Romanzo, guerra civile spagnola,"
A1051,Hemingway,Storie della guerra di Spagna,Oscar Mondadori,"Racconti, guerra civile"
A1049,Hemingway,Addio alle armi,Corriere della sera,"Romanzo, prima guerra mondiale"
A1011,James Joyce,Gente di Dublino,Grandi tascabili Newton,"Racconti, Dublino, frustrazioni"
A1041,Franz Kafka,Tutti i racconti,Grandi tascabili Newton,"Racconti, angoscia, identità"
A1052,Vaìlerio Massimo Manfredi,Idi di marzo,Oscar Mondadori,"Romanzo, Giulio Cesare, congiura"
A1050,Vaìlerio Massimo Manfredi,Il mio nome è Nessuno (Il giuramento),Oscar Mondadori,"Romanzo Ulisse, guerra di Troia"
A1053,Vaìlerio Massimo Manfredi,L’armata perduta,Oscar Mondadori,"Romanzo, guerre persiane"
A1042,Edgar LeeMasters,Antologia di Spoon River,Grandi tascabili Newton,"Raccolta, poesie, lapidi"
A1043,Edgar LeeMasters,Il nuovo Spoon River,Grandi tascabili Newton,Raccolta poesie lapidi
A1060,Herman Melville,Moby Dick,Oscar Ink,"Graphic novel, balena"
A1068,Haruki Murakami,Il mestiere dello scrittore,Einaudi,"Saggio, scrittura"
A1019,Christopher Paolini,Eldest,Bur,"Romanzo fantasy, drago"
A1045,Luigi Pirandello,Maschere nude (volume 1),Grandi tascabili Newton,"Raccolta, teatro"
A1018,Philip Pullman,Il cannocchiale d’ambra,TEA,Romanzo fantasy
A1017,Philip Pullman,La lama sottile,Salani,Romanzo fantasy
A1055,Erich Maria Remarque,Niente di nuovo sul fronte occidentale,Bur,Romanzo storico Prima guerra mondiale
A1036,Carlo Rovelli,Sette brevi lezioni di Fisica,Adelphi,"Saggio, cosmo, spazio"
A1020,John Ronald Reuel Tolkien,Lo Hobbit,Bompiani,Romanzo fantasy
A1040,Giorgio Vasari,"Le vite dei più eccellenti pittori,scultori,architetti",Grandi tascabili Newton,Biografie artisti
A1032,Carlos Ruiz Zafon,L’ombra del vento,Mondadori,"Romanzo, Spagna, mistero"
A1151,Rossella Postorino,Le assaggiatrici,Feltrinelli Milano 2018,"Romanzo, Nazismo"
A1152,Giorgio Scianna,Qualcosa ci inventeremo,Einaudi 2014,"Romanzo, adolescenti, solitudine"
A1153,Giorgio Scianna,Cose più grandi di noi,Einaudi 2019,"Romanzo, terriorismo"
A1154,Giorgio Scianna,La regola dei pesci,Einaudi 2017,"Romanzo, fuga, ribellione"
A1173,Antony De Mello,Messaggio di un’aquila che si crede un pollo,PicKwick Piemme 2015,Identità
A1156,Ryszard Kapuscinski,shah- in-shah,Economica Feltrinelli 2017,"Saggio, Iran, Khomeini"
A1157,William Golding,Il signore delle mosche,Mondadori 2018,"Romanzo, naufragio, distopia"
A1148,Todd Strasser,L’onda,Bur 2018,"Romanzo, storia vera, liceo, nazismo"
A1144,Elena Ferrante,L’amica geniale,edizioni e/o 2018,"Romanzo, amicizia"
A1145,Michael Zadoorian,Beautiful Music,Marcosymarcos 2018,"Romanzo, adolescenza musica"
A1155,Paolo Giordano,La solitudine dei numeri primi,Mondadori 2018,"Romanzo, adolescenza, mistero"
A1174,Michele Serra,Gli sdraiati,Economica Feltrinelli2016,"Saggio, adolescenza,"
A1165,Lia Levi,Questa sera è già domani,edizioni e/o 2018,"Guerra, leggi raziali"
A1164,Nicola Brunialti,Il paradiso alla fine del mondo,Sperling e Kupfer 2019,Immigrazione
A1158,Matt Killeen,La bambina di Hitler,Garzanti 2019,"Romanzo, campi, persecuzioni"
A1175,Michele Serra,Il nuovo che avanza,economica Feltrinelli2013,"Saggio, società contemporanea"
A1149,Giuseppe Catozzella,E tu splendi,Feltrinelli 2018,"Romanzo, integrazione, infanzia"
A1150,Alessandro D’Avenia,Ciò che inferno non è,Mondadori 2019,"Romanzo, Pino Puglisi, scuola"
A1159,Alessandro D’Avenia,L’arte di essere fragili,Mondadori 2019,"saggio, Zibaldone, poesie, Leopardi"
A1160,Alessandro D’Avenia,Bianca come il latte rossa come il sangue,-,"Romanzo, adolescenza, amore"
A1147,Chiara Gamberale,Le luci nelle case degli altri,Oscar Mondadori 2017,"Romanzo, ricerca padre"
A1168,Fondazione Fabrizio De Andrè,Anche le parole sono nomadi,chiarelettere 2018,Testi canzoni
A1169,Zygmunt Bauman,Modernità liquida,Laterza 2019,"Saggio, economia, società"
A1166,Niccolò Ammaniti,Io non ho paura,Einaudi 2011,"Romanzo, rapporto genitori"
A1171,Luigi Garlando,Per questo mi chiamo Giovanni,Bur 2018,"Romanzo, mafia"
A1172,Fabio Geda,Nel mare ci sono i coccodrilli,Baldini& Castoldi 2017,"Romanzo, immigrazione, infanzia"
A1161,Ameliè Nothomb,Acido solforico,Voland 2015,"Romanzo, reality, campo,"
A1162,Stefano Apuzzo-Stefano Carnazzi,"Quattro sberle in padella -come difendersi dall’inquinamento alimentare e dal cibo spazzatura,",ecoalfabeto 2012,"saggio, ecologia, cucina"
A1163,Giacomo Mazzariol,Mio fratello rincorre i dinosauri,Einaudi 2016,"Romanzo, integrazione"
A1145,Franco Portinari -Giovanna Carbone,174517 deportato:Primo Levi,edizioni la meridiana 2019,"Graphic novel, razzismo, deportazione"
A1146,"Francesco Barilli, Manuel de Carli",il delitto Matteotti,Beccogiallo 2018,"Graphic novel, Mussolini colpo di stato"
A1176,Mates,Veri amici,Mondadori 2016,-
A1170,Enrico Mentana Liliana Segre,La memoria rende liberi,Bur 2018,"Romanzo testimonianza, campi"
A1167,Greta Thumberg,La nostra casa è in fiamme,Mondadori2019,"Saggio, ecologia, surriscaldamento"
A1106,Hans Magnus Enzensberger,Il mago dei numeri,Mondadori 2000,"Saggio, matematica"
A1112,Ken Follett,La caduta dei giganti,Mondadori 2011,"Romanzo, Prima guerra mondiale"
A1105,Daniel Pennac,Il paradiso degli orchi,feltrinelli1992,"Romanzo, Grandi magazzini, bombe"
A1104,Andrea Antonello,baci a Tutti,Pickwick 2016,"Biografia, autismo,accettazione"
A1109,Franco e Andrea Antonello,Sono graditi visi sorridenti,Feltrinelli 2013,"Autobiografia, autismo, viaggio"
A1108,Blake Nelson,Paranoid park,super pocket 2007,"Romanzo, adolescenza, scelte"
A1111,Paolo Crepet,baciami senza rete,Mondadori 2016,"Saggio, mondo digitale"
A1110,Frances Hodgson Burnett,Il giardino segreto,social libri altalegibilità 2017,"Romanzo, adolescenza, scoperte,alta leggibilità"
A1107,Bebe vio,Mi hanno regalato un sogno,best bur 2017,"Autobiografia, scherma, Paraolimpiadi"
A1125,Italo Svevo,Senilità,Tascabili Bompiani1985,"Romanzo, inetto, coscienza"
A1124,Lemony Snichet,"Una serie di sfortunati eventi, un infausto inizio",Salani 2017,"Romanzo, suspance"
A1123,Dominique lapierre,Più grandi dell’amore,Mondadori 1990,"Biografie, AIDS"
A1122,"Daniele Salerno, Fabrizio Bernini",La storia di Voghera,Guardamagna editori in Varzi 2016,Saggio storico
A1121,Alessandro Barbero,La storia (l’origine dell’umanità),Corriere della sera 2017,Saggio storico
A1120,Carlo Greppi,Non restare indietro,Feltrinelli 2015,"Romanzo, Auschwitz, adolescenza"
A1119,Marie -Aude Murail,Persidivista.com,Giunti 2017,"Romanzo, adolescenza suspance"
A1118,Fulvia Degl’Innocenti,la libraia,San Paolo 2014,"Romanzo, adolescenza, scoperta di sé"
A1117,Erica Grazioli,Cioccolato e cannella…io e l’anoressia,edizioni selecta 2016,"Biografia, anoressia"
A1116,Kevin Brooks,Naked,Piemme 2011,"Romanzo, musica punk, adolescenza"
A1114,Enzo Fileno Carabba,Fuga da Magopoli,marcosy marcos 2017,"Romanzo, magia, avventura"
A1115,Enzo Fileno Carabba,Battaglia a Magopoli,marcosy marcos 2017,"Romanzo, magia, avventura"
A1113,David Lindley,la luna di Einstein,Tea 2005,"Saggio, meccanica quantistica"
A1103,Emiliano Poddi,Tre volte invano,instar libri 2012,"Romanzo, basket,adolescenza"
A1142-a,L.Antonielli G.Chittolini,Storia della Lombardia (5 volumi),la terza 2001,Saggio
A1142-b,L.Antonielli G.Chittolini,Storia della Lombardia (5 volumi),la terza 2001,Saggio
A1142-c,L.Antonielli G.Chittolini,Storia della Lombardia (5 volumi),la terza 2001,Saggio
A1142-d,L.Antonielli G.Chittolini,Storia della Lombardia (5 volumi),la terza 2001,Saggio
A1142-e,L.Antonielli G.Chittolini,Storia della Lombardia (5 volumi),la terza 2001,Saggio
A1128,Fedor Dostoevskij,Il giocatore,Bompiani 1997,"Romanzo, gioco d'azzardo"
A11027,Stefano Benni,Margherita Dolcevita,Feltrinelli 2010,"Romanzo, adolescenza, magia"
A1126,john Ronald Reuel TolKien,Lo hobbit,Adelphi 2018,"Romanzo, fantasy"
A1129,Ken Follet,I pilastri della terra,Mondadori 1990,"Romanzo, medioevo, cattedrale"
-,Christian Jacq,I misteri di Osiride 1(l’albero della vita),Corriere della sera2004,Antico Egitto
-,Christian Jacq,I misteri di Osiride 2 (La cospirazione del male),Corriere della sera2004,Antico Egitto
-,Christian Jacq,I misteri di Osiride 3(Il cammino di fuoco),Corriere della sera2004,Antico Egitto
-,Christian Jacq,I misteri di Osiride 4(Il grande segreto),Corriere della sera2004,Antico Egitto
A1027,Ugo Frasca,Noi Italiani,Guida,"Saggio, politica"
A1058,Stato maggiore della difesa,Grande guerra un racconto in 100 immagini,Stato maggiore della difesa,"Saggio, foto, guerra"
A1091,Annie Cohen Solal,Americani per sempre,Johan&Levi,"Saggio pittura, primi novecento"
A1093,Juan Francisco Ferrandiz,La terra maledetta,Longanesi,"Romanzo storico, Barcellona, IX sec."
A1097,Giovanni Boccaccio,Vita di Dante,Moretti& Vitali,"Biografia, poeta"
A1096,Seneca,Apokolokyntosis,O. Mondadori,"Satira, tirannia"
A1092,Piero Bevilacqua,Il grande saccheggio,Anticorpi Laterza,"Saggio, capitalismo"
A1086,"R. Engeln, PHD",Beauty Mania,Harper Collins,"Saggio, testimonianza, ossessione fisico"
A1101,Collettivo senza Slot,Vivere sensza Slot,Nuova dimensione,"Saggio, testimonianze gioco d'azzardo"
A1037,Sigmund Freud,Il sogno e la sua interpretazione,Newton,Saggio divulgativo
A1059,Ari Folman- D. Polonsky,Anne Frank- Diario,GEDI,"Graphic novel, persecuzioni ebrei"
A1100,Marcel Prust,Alla ricerca del tempo perduto,O. Mondadori,"Romanzi, tempo, memoria, sogno"
A1089,Francisco Brines,La rosa della notte,Edizioni Cadmo,Raccolta poesie
A1088,Charles and Mary Lamb,Tales from Shakespeare,Pearson,raccolta personaggi teatrali
A1082,Stephen King,Danze macabre,Frassinelli,"Saggio, scrittura horror"
A1024,Howard PhillipsLovecraft,La casa stregata,Newton,Racconto orrore
A1081,Marilynne Robinson,Lila,Einaudi,"Romanzo, solitudine, accettazione"
A1094,Wilbur Smith,Il settimo papiro,TEA,"Romanzo, avventura, faraone"
A1087,Laura Calosso,La stoffa delle donne,SEM,"Romanzo, fuga,"
A1095,Ted Chiang,Storie della tua vita,Frassinelli,"Romanzo, fantascienza"
A1084,Abir Mukherjee,L'uomo di Calcutta,SEM,"Romanzo, giallo storico"
A1099,Katie Khan,Regalami una stella,Newton,"Romanzo, amore, adolescenza"
A1085,Alessandro Baricco,Novecento,Feltrinelli,"Monologo, piroscafo, pianista"
A1083,Diego Ferra,NUMB Anna,Sperling&Kupfer,"Romanzo, amore, adolescenza"
A1031,Alessandro Baricco,The game,Einaudi,"Saggio, gioco"
A1098,Fedor Dostoevskij,Le notti bianche,Garzanti,"Racconto, sogno, Pietroburgo"
A1090,Lev Tolstoj,Anna Karenina,Einaudi,"Romanzo, amore,famiglia"
A1010,Gabriele D'Annunzio,Motti dannunziani,Newton,"Detti, frasi celebri"
A1132,Desy Icardi,L'annusatrice di libri,Fazi Editore,"Romanzo, libri, adolescenza, mistero"
A1133,Desy Icardi,"Quaderno per ""L'annusatrice di libri",Fazi Editore,-
A1134,Suzy Zail,La pianista di Auschwitz,Il giornale,"Romanzo, adolescenza, persecuzioni razziali"
A1135,Michela Murgia,Accabadora,Prix Page des libraires,"Romanzo, Sardegna"
A1140,Richelle Mead,Midight Jewel,Edizioni LSWR,"Romanzo, amore avventura"
A1137,Tim Bruno,"NEOS, la città sospesa",Salani,Roamzo fantascienza
A1138,Barbara D'Alto,La stanza delle mele,Guida,"Romanzo, mistero, visioni"
A1139,Ann Brashares,La seconda estate,best Bur,"Romanzo amicizia, Jeans"
A1141,Fred Ulmann,L'amico ritrovato,Feltrinelli,"Romanzo, amicizia, persecuzioni razzali"
A1143,Daniel Defoe,Robinson Crusoe,Garzanti,"Romanzo, avventura, naufragio, isola"
A1177,Luigi Pirandello,Sei personaggi in cerca d'autore,Rusconi Libri,"Dramma, identità"
A1178,Katherine Kressmann Taylor,Destinatario sconosciuto,BUR,"Romanzo epistolare, persecuzioni razziali"
A1179,Robert Louis Stevenson,Lo strano caso del Dr. Jekyll e del Sig. Hyde,Epoca,"Romanzo, doppio, bene-male"
A1180,Lois Lowry,The Giver,Giunti 2017,"Romanzo, fantascienza,"
A1181,Anonimo,Le mille e una notte Vol. II,Corriere della sera,"Novelle, Oriente,"
A1182,Luigi Pirandello,Amori senza amore e altre novelle,Rusconi Libri,"Novelle, amore, insoddisfazione"
A1183,Jonathan Coe,La banda dei brocchi,Feltrinelli,"Romanzo, amicizia scuola, anni 70"
A1184,Herman Melville,Moby Dick,Corriere della sera,"Romanzo, avventura, balena"
A1185,Ken Follett,I pilastri della terra,Mondadori,"Romanzo, medioevo, cattedrale"
A1186,Honoré de Balzac,Eugénie Grandet,Garzanti,"Romanzo, Naturalismo,famiglia,"
A1189,Italo Calvino,Il sentiero dei nidi di ragno,Mondadori,"Romanzo, infanzia , resistenza"
A1190,Oscar.ì Wilde,Il ritratto di Dorian Gray,Acquarelli,"Romanzo, Decadentismo, doppio, Bene-male"
A1191,Anonimo,Le mille e una notte Vol. I,Corriere della sera,"Novelle, Oriente,"
A1192,Daniel Pennac,La fata carabina,Feltrinelli,"Romanzo, Parigi, vecchietti"
824,James Fenimore Cooper,The last of the Mohicans,Oxford University Press 1983,"Romanzo, avventura, lingua inglese"
814,George Elliot,The millon the Floss,Oxford University Press 1980,"Romanzo, lingua inglese"
803,Thomas Hardy,Tess of the D'Ubervilles,Oxford University Press 1983,"Romanzo, lingua inglese"
802,Nathaniel Hawthorne,The Scarlet Letter,Oxford University Press 1990,"Romanzo,legalità, colpa, lingua inglese"
818,Charlotte Bronte,Jane Eyre,Oxford University Press 1980,"Romanzo,età vittoriana, lingua inglese"
811,Hermann Melville,Moby Dick,Oxford University Press 1988,"Romanzo,viaggio, avventura, lingua inglese"
826,Charles Dickens,Great Expectations,Oxford University Press 1994,"Romanzo,viaggio, età vittoriana,lingua inglese"
817,Emily Bronte,Wuthering Heights,Oxford University Press 1981,"Romanzo,amore, vendetta,lingua inglese"
805,Virginia Woolf,To the Lighthouse,Oxford University Press 1992,"Romanzo,,lingua inglese"
A1194,Crhistian Jacq,I misteri di Osiride 1-L'albero della vita,Corriere della sera 2004,Romanzo storico
A1195,Crhistian Jacq,I misteri di Osiride 2- La cospirazione del male,Corriere della sera 2004,Romanzo storico
A1196,Crhistian Jacq,I misteri di Osiride 3-Il cammino di Fuoco,Corriere della sera 2004,Romanzo storico
A1197,Crhistian Jacq,I misteri di Osiride 4-Il grande segreto,Corriere della sera 2004,Romanzo storico
819,Jane Austen,Emma,Oxford University Press 1990,"Romanzo,lingua inglese"
820,Jane Austen,Pride and Prejudice,Oxford University Press 1990,"Romanzo,lingua inglese"
A211,Elisabeth Bowen,The House in Paris,Penguin 1976,"Romanzo,lingua inglese"
817,Emily Bronte,Whuthering Heights,Oxford University Press 1981,"Romanzo,lingua inglese"
A314,Lewis Carrol,Alice's adventures in Wonderland and Through the Looking-glass,Oxford University Press 1982,"Romanzo,lingua inglese"
816,John Bunyan,The Pilgrim's Progress,Oxford University Press 1984,"Romanzo,lingua inglese"
829,Geoffrey Chaucher,The Canterbury Tales,Oxford University Press 1983,"Romanzo,lingua inglese"
825,Joseph Conrad,Lord Jim,Oxford University Press 1983,"Romanzo,lingua inglese"
A313,Daniel Defoe,Robinson Crusoe,Oxford University Press 1990,"Romanzo,lingua inglese"
831,Charles Dickens,The PicKwick Papers,Oxford paperbacks 1987,"Romanzo,lingua inglese"
821,Charles Dickens,Christmas Books,Oxford University Press 1985,"Romanzo,lingua inglese"
A275,Arthur Conan Doyle,The Memoirs of Sherlock Holmes,Giunti 2001,"Romanzo,lingua inglese"
626,Gustave Flaubert,L'education sentimentale,Folio 1965,"Romanzo,lingua inglese"
813,Thomas Hardy,Far From the Madding Crowd,Oxford University Press 1993,"Romanzo,lingua inglese"
806,Virginia Woolf,Orlando,Oxford University Press 1992,"Romanzo,lingua inglese"
808,Mark Twain,The adventures of Tom Sawyer,Oxford University Press 1993,"Romanzo,lingua inglese"
A306,Virginia Woolf,Mrs.Dalloway,Cidev 1988,"Romanzo,lingua inglese"
807,Horace Walpole,The castle of Otranto,Oxford University Press 1982,"Romanzo,lingua inglese"
810,Robert Louis Stevenson,Dr.JeKyll and Mr.Hyde,Oxford University Press 1987,"Romanzo,lingua inglese"
812,Jonathan Swift,Gulliver's Travels,Oxford University Press 1986,"Romanzo,lingua inglese"
801,Henry James,The portrait of a lady,Oxford University Press 1981,"Romanzo,lingua inglese"
A311,Rudyard Kipling,The Jungle Books,Oxford University Press 1994,"Romanzo,lingua inglese"
809,Jack London,The Call of the Wild,Oxford University Press 1990,"Romanzo,lingua inglese"
828,William Thackeray,Vanity fair,Oxford University Press 1983,"Romanzo,lingua inglese"
A274,Dava Sobel,Longitudine,Fourth Estate 1995,"Romanzo,lingua inglese"
625,Walter Scott,Ivanhoe,Penguin 1986,"Romanzo,lingua inglese"
A318,Alain De Botton,The consolations of Philosophy,Penguin2000,"Romanzo,lingua inglese"
A317,Henry Fielding,Tom Jopnes,Penguin 1994,"Romanzo,lingua inglese"
827,Charles Dickens,David Copperfield,Oxford University Press 1982,"Romanzo,lingua inglese"
823,Danile Defoe,Moll Flanders,Oxford University Press 1981,"Romanzo,lingua inglese"
A1001-2,Ignazio Silone,Fontamara,Oscar Mondadori 1977,"Romanzo sociale, Mezzogiorno arretrato"
411,Oreste del Buono,La stampa italiana sotto il fascismo,Feltrinelli 1971,Antologia storica
2266,Autori vari,Pragmatica della comunicazione umana,Astrolabio 1971,Saggio linguistica
2194,Autori vari,Programmazione neurolinguistica,Astrolabio 1982,Saggio linguistica
A1193,Ugo Mioni,La coppa del vicerè d'Egitto,Pia Società Figlie di San Paolo 1937,Romanzo storico
A1194,Fabio Paglieri,La cura della ragione,Il Mulino 2016,Saggio filosofico
A1195,Saulle Panizza,Ragazzi che Costituzione!,Plus 2009,Cittadinanza e Costituzione
A1196,Associazione Italiana Editori,"Saperi e libertà- Maschile e femminile nei libri nella scuola, nella vita",AIE 2001,Saggio Pari opportunità
A1197,Domenico Quirico,Il tuffo nel pozzo- E' ancora possibile fare del buon giornalismo,Vita e Pensiero 2017,Saggio giornalismo
A1198,Saulle Panizza,La Costituzione italiana aggiornata a gennaio 2018,PISA University Press 2018,Cittadinanaza e costituzione
A1199,Giuseppe Verdi,Il Trovatore,Fabbri Editore 1995,Libretto d'opera
A1200,Arnald,Diversamente occupati,Artigrafiche Fiorin 2009,Fumetto
A1201,AA.VV.,Il Ragazzini Inglese italiano- italiano inglese,Zanichelli 2015,Dizionario
A1202,AA.VV.,Il Ragazzini Inglese italiano- italiano inglese,Zanichelli 2015,Dizionario
A1203,AA.VV.,Lo Zingarelli,Zanichelli 2017,Dizionario
A1204,AA.VV.,Lo Zingarelli,Zanichelli 2018,Dizionario
A1206,Agatha Christie,Ms Marple nemesi,Oscar Mondadori 1971,giallo
A1205,Agatha Christie,Sfida a Poirot,Oscar Mondadori 1963,giallo
A1207,Agatha Christie,Gli elefanti hanno buona memoria,Oscar Mondadori 1972,giallo
A1208,Agatha Christie,Poirot e la salma,Oscar Mondadori 1946,giallo
A1209,Agatha Christie,Delitto in cielo,Oscar Mondadori 1935,giallo
A1210,Agatha Christie,Carte in tavola,Oscar Mondadori 1936,giallo
A1211,Agatha Christie,Polvere negli occhi,Oscar Mondadori 1953,giallo
A1212,Agatha Christie,I primi casi di Poirot,Oscar Mondadori 1973,giallo
A1213,Agatha Christie,C'era una volta,Oscar Mondadori 1945,giallo
A1214,Agatha Christie,Poirot non sbaglia,Oscar Mondadori 1951,giallo
A1215,Agatha Christie,I sette quadranti,Oscar Mondadori 1929,giallo
A1216,Agatha Christie,Miss Marpl al Bertram Hotel,Oscar Mondadori 1965,giallo
A1217,Jean Giono,L'uomo che piantava gli alberi,Ziliotto 1987,romanzo ecologico
A1218,Enrico Grassani,Anche se voi vi credete assolti,Edizioni Selecta 2016,Fabrizio De Andrè canzoni
A1219,Edgar Allan Poe,Racconti di fantascienza,Newton 1995,racconti di fantascienza
A1220,George Orwell,La fattoria degli animali,Oscar mondadori !995,romanzo distopico
A1221,George Orwell,La fattoria degli animali,Oscar mondadori !995,romanzo distopico
A1222,Guy de Maupassant,Bel-Ami,Giunti 2011,romanzo parigi '800 ascesa sociale
A1223,Immanuel Kant,Per la pace perpetua,Feltrinelli 1991,saggio filosofico
A1224,Andrea Camillieri,Come la penso,Chiarelettere 2016,raccolta scritti
A1225,Khalil Gibran,Il profeta,Rizzoli 1993,scritto filosofico(bilingue)
A1226,Daniel Pennac,Come un Romanzo,Feltrinelli 1992,saggio sulla lettura
A1227,Denis Guedj,Il teorema del pappagallo,Tea 2003,romanzo e matematica
A1228,Richard Bach,Il gabbiano Jonathan Livingston,Bur 1970,Romanzo di formazione
A1229,Umberto Eco,Il nome della rosa,Bompiani 1980,romanzo giallo storico
A1230,Alessandro Barbero e Chiara Frugoni,Dizionario del Medioevo,Economica la terza 1994,saggio storico
A1231,Gabriel Garcia Marquez,Dell'amore e di altri demoni,Mondadori e deagostini 1998,romanzo passionale
A1232,Stefano Benni,Comic spaventati guerrieri,Feltrinelli 1986,romanzo satira società
A1233,Edmond Rostand,Cirano de bergerac,Rusconi Libri 2009,"commedia, amore"
A1234,Alessandro Baricco,Oceano mare,Superpocket 1993,"romanzo , onirico, surreale"
A1235,Chiara Gamberale,Per 10 minuti,Feltrinelli 2013,romanzo sentimentale
A1236,Tayari Jones,Un matrimonio americano,Neri Pozza 2018,"romanzo, razzismo"
A1237,Marco Presta,Accendimi,Einaudi 2017,"romanzo sentimentale, radio"
A1238,Simone Cristicchi,Abbi cura di me,San Paolo edizioni 2019,saggio. spiritualità
A1239,Federico Moccia,La ragazza di Roma nord,SEM 2019,romanzo sentimentale
A1240,Andrzej Sapkowski,Il guardiano degli innocenti,editrice nord 2016,fantasy
A1241,Denis Guedj,Il teorema del pappagallo,Tea 2018,"romanzo matematico, giallo"
-,Alan Bennett,La signora nel furgone e le sue conseguenze,Adelphi 2015,"Sceneggiatura film, inclusione, ironia"
-,Michele Ferrari,Noi abbiamo futuro,MarcosYMarcos,Romanzo di formazione
A1242,Michele Tranquilli,Una buona idea,Feltrinelli 2017,"storia vera,volontariato"
A1243,Jean Louis Fournier,Dove andiamo papà?,Rizzoli 2009,"storia vera, disabilità"
A1244,Federica Manzon,La nostalgia degli altri,Feltrinelli 2017,"romanzo, identità"
A1245,Francesco Dimitri,Alice nel paese della Vaporità,TEA 2012,romanzo fantasy
A1246,Jhon Green,Cercando Alaska,Rizzoli 2006,narrativa contemporanea
A1247,Manuela Santoni,Le sorelle Bronte,Beccogiallo 2018,graphic novel
A1248,Aldo Cazzullo,A riveder le stelle,Mondadori 2020,"Dante, Divina Commedia"
A1249,David Grossman,Qualcuno con cui correre,Oscar Mondadori 2019,romanzo di formazione
A1250,Elsa Morante,Il mondo salvato dai ragazzini,Einaudi 2020,"Poesia,commedia"
A1251,Jules Verne,L'isola misteriosa,Marsilio 2020,"romanzo avventura, fantascienza"
A1252,"Lucia Vaccarino, Davide Morosinotto",The Game,Mondadori 2018,"romanzo, bullismo"
A1253,Edgar Allan Poe,Racconti di investigazione,Morano editore 1996,Racconti gialli
A1254,Edgar Allan Poe,Le avventure di Gordon Pym,L'Unità/Mondadori 1992,Romanzo horror psicologico
A1255,Andrea Camilleri,Un filo di fumo,Sellerio 1997,Romanzo giallo
A1256,Kaho Nashiki,Un'estate con la Strega dell'Ovest,Feltrinelli 2017,Romanzo di formazione
A1284,Tommaso Fusari,Quello che non siamo diventati,Mondadori 2019,Romanzo di formazione
A1282,Donatella Di Pietrantonio,L'Arminuta,Einaudi 2017,"Romanzo, abbandono"
A1283,Katie Khan,Regalami una stella,Newton Compton Editori 2017,Romanzo sentimentale
A1260,Giancarlo De Cataldo,Un fitto mistero,Contrasto 2017,Raccolta articoli cronaca nera
A1261,Aidan Chambers,Quando eravamo in tre,Bur 2019,Romanzo amicizia
A1262,Michela Marzano,Idda,Einaudi 2019,Romanzo psicologico
A1263,Francesco D'Isa,La stanza di Therese,Tunuè 2017,Romanzo psicologico
A1264,Jay Asher,Tredici,Mondadori 2019,"Romanzo, bullismo"
A1265,SiobhanVivian,"Noi, gli unici al mondo",Newton Compton Editori 2017,Romanzo sentimentale
A1266,Gabriele Caruso,Un sogno che fa male,Mondadori 2019,Romanzo sentimentale
A1267,Morgane Bicail,Phoneplay,Newton Compton Editori 2017,Romanzo sentimentale
A1268,Veronica Roth,Divergent,Punto Web 2014,Romanzo thriller distopico
A1269,Kawamura Genki,Se i gatti scomparissero dal mondo,Einaudi 2019,Fiaba moderna
A1270,Tommaso Pincio,Hotel Zero stelle,Editori Laterza 2011,Riflessioni letterarie
A1271,Paolo Mieli,Lampi sulla storia,Rizzoli 2018,Saggio storico
A1272,Michele Raniero,Extra Unione e la fortezza di Nugari,Il Ciliegio 2014,Romanzo fantascienza
A1273,Orazio Labbate,Suttaterra,Tunuè 2017,Romanzo gotico
A1274,Gabbie Hanna,Adultolescence,Magazzini Salani 2018,Poesie Adlescenza Umorismo
A1275,Concita De Gregorio,Chi sono io?,Contrasto 2011,Ritratti femminili
A1276,La banca d'Italia,Funzioni e obiettivi,Banca d'Italia 2019,saggio economia
A1277,Filelfo,L'assemblea degli animali,Einaudi 2020,Fiaba ecologista
A1278,Barbara Biscotti,Guiulio Cesare un tirannicidio imperfetto,RCS Corriere della Sera 2020,Saggio storico
A1279,Stefania Podda,Marie Curie,RCS Corriere della Sera 2020,"Biografia, donne"
A1280,Lello Gurrado,Fulmine,Marcos y Marcos 2014,Romanzo razzismo
A1281,Emiliano Gucci,Con tutto il bene che posso,Arya Giunti 2020,Romanzo rapporto generazionale
A1285-1,Albert Camus,La peste,Salone internazionale del Libro,"Romanzo, epidemia"
A1285-2,Albert Camus,La peste,Salone internazionale del Libro,"Romanzo, epidemia"
A1285-3,Albert Camus,La peste,Salone internazionale del Libro,"Romanzo, epidemia"
A1245,Fabio Geda,Nel mare ci sono i coccodrilli,Baldini& Castoldi 2017,"Romanzo, immigrazione, infanzia"
A1246,Fabio Geda,Nel mare ci sono i coccodrilli,Baldini& Castoldi 2017,"Romanzo, immigrazione, infanzia"
A1247,Fabio Geda,Nel mare ci sono i coccodrilli,Baldini& Castoldi 2017,"Romanzo, immigrazione, infanzia"
A1248,Fabio Geda,Nel mare ci sono i coccodrilli,Baldini& Castoldi 2017,"Romanzo, immigrazione, infanzia"
A1249,Fabio Geda,Nel mare ci sono i coccodrilli,Baldini& Castoldi 2017,"Romanzo, immigrazione, infanzia"
A1250,Fabio Geda,Nel mare ci sono i coccodrilli,Baldini& Castoldi 2017,"Romanzo, immigrazione, infanzia"
A1251,Fabio Geda,Nel mare ci sono i coccodrilli,Baldini& Castoldi 2017,"Romanzo, immigrazione, infanzia"
A1252,Fabio Geda,Nel mare ci sono i coccodrilli,Baldini& Castoldi 2017,"Romanzo, immigrazione, infanzia"
A1253,Fabio Geda,Nel mare ci sono i coccodrilli,Baldini& Castoldi 2017,"Romanzo, immigrazione, infanzia"
A1254,Fabio Geda,Nel mare ci sono i coccodrilli,Baldini& Castoldi 2017,"Romanzo, immigrazione, infanzia"
A1255,Fabio Geda,Nel mare ci sono i coccodrilli,Baldini& Castoldi 2017,"Romanzo, immigrazione, infanzia"
A1256,Fabio Geda,Nel mare ci sono i coccodrilli,Baldini& Castoldi 2017,"Romanzo, immigrazione, infanzia"
A1257-1,Fabio Geda,Nel mare ci sono i coccodrilli,Baldini& Castoldi 2017,"Romanzo, immigrazione, infanzia"
A1257-2,Fabio Geda,Nel mare ci sono i coccodrilli,Baldini& Castoldi 2017,"Romanzo, immigrazione, infanzia"
A1257-3,Fabio Geda,Nel mare ci sono i coccodrilli,Baldini& Castoldi 2017,"Romanzo, immigrazione, infanzia"
A1257-4,Fabio Geda,Nel mare ci sono i coccodrilli,Baldini& Castoldi 2017,"Romanzo, immigrazione, infanzia"
A1257-5,Fabio Geda,Nel mare ci sono i coccodrilli,Baldini& Castoldi 2017,"Romanzo, immigrazione, infanzia"
A1257-6,Fabio Geda,Nel mare ci sono i coccodrilli,Baldini& Castoldi 2017,"Romanzo, immigrazione, infanzia"
A1257-7,Fabio Geda,Nel mare ci sono i coccodrilli,Baldini& Castoldi 2017,"Romanzo, immigrazione, infanzia"
A1257-8,Fabio Geda,Nel mare ci sono i coccodrilli,Baldini& Castoldi 2017,"Romanzo, immigrazione, infanzia"
A1257-9,Fabio Geda,Nel mare ci sono i coccodrilli,Baldini& Castoldi 2017,"Romanzo, immigrazione, infanzia"
A1257-10,Fabio Geda,Nel mare ci sono i coccodrilli,Baldini& Castoldi 2017,"Romanzo, immigrazione, infanzia"
A1257-11,Fabio Geda,Nel mare ci sono i coccodrilli,Baldini& Castoldi 2017,"Romanzo, immigrazione, infanzia"
A1257-12,Fabio Geda,Nel mare ci sono i coccodrilli,Baldini& Castoldi 2017,"Romanzo, immigrazione, infanzia"
A1257-13,Fabrizio Gatti,Bilal,Bur -Saggi,"Saggio,immigrazione"
A1257-14,Fabrizio Gatti,Bilal,Bur -Saggi,"Saggio,immigrazione"
A1257-15,Fabrizio Gatti,Bilal,Bur -Saggi,"Saggio,immigrazione"
A1257-16,Fabrizio Gatti,Bilal,Bur -Saggi,"Saggio,immigrazione"
A1257-17,Fabrizio Gatti,Bilal,Bur -Saggi,"Saggio,immigrazione"
A1257-18,Fabrizio Gatti,Bilal,Bur -Saggi,"Saggio,immigrazione"
A1257-19,Fabrizio Gatti,Bilal,Bur -Saggi,"Saggio,immigrazione"
A1257-20,Fabrizio Gatti,Bilal,Bur -Saggi,"Saggio,immigrazione"
A1257-21,Fabrizio Gatti,Bilal,Bur -Saggi,"Saggio,immigrazione"
A1257-22,Fabrizio Gatti,Bilal,Bur -Saggi,"Saggio,immigrazione"
A1257-23,Fabrizio Gatti,Bilal,Bur -Saggi,"Saggio,immigrazione"
A1257-24,Fabrizio Gatti,Bilal,Bur -Saggi,"Saggio,immigrazione"
A1258-1,Fabrizio Gatti,Bilal,Bur -Saggi,"Saggio,immigrazione"
A1258-2,Fabrizio Gatti,Bilal,Bur -Saggi,"Saggio,immigrazione"
A1258-3,Fabrizio Gatti,Bilal,Bur -Saggi,"Saggio,immigrazione"
A1258-4,Fabrizio Gatti,Bilal,Bur -Saggi,"Saggio,immigrazione"
A1258-5,Fabrizio Gatti,Bilal,Bur -Saggi,"Saggio,immigrazione"
A1258-6,Fabrizio Gatti,Bilal,Bur -Saggi,"Saggio,immigrazione"
A1258-7,Fabrizio Gatti,Bilal,Bur -Saggi,"Saggio,immigrazione"
A1258-8,Fabrizio Gatti,Bilal,Bur -Saggi,"Saggio,immigrazione"
A1258-9,Fabrizio Gatti,Bilal,Bur -Saggi,"Saggio,immigrazione"
A1258-10,Fabrizio Gatti,Bilal,Bur -Saggi,"Saggio,immigrazione"
A1258-11,Fabrizio Gatti,Bilal,Bur -Saggi,"Saggio,immigrazione"
A1258-12,Giorgio Scianna,La regola dei pesci,Einaudi 2017,"Romanzo, fuga, ribellione"
A1258-13,Giorgio Scianna,La regola dei pesci,Einaudi 2017,"Romanzo, fuga, ribellione"
A1258-14,Giorgio Scianna,La regola dei pesci,Einaudi 2017,"Romanzo, fuga, ribellione"
A1258-15,Giorgio Scianna,La regola dei pesci,Einaudi 2017,"Romanzo, fuga, ribellione"
A1258-16,Giorgio Scianna,La regola dei pesci,Einaudi 2017,"Romanzo, fuga, ribellione"
A1258-17,Giorgio Scianna,La regola dei pesci,Einaudi 2017,"Romanzo, fuga, ribellione"
A1258-18,Giorgio Scianna,La regola dei pesci,Einaudi 2017,"Romanzo, fuga, ribellione"
A1258-19,Giorgio Scianna,La regola dei pesci,Einaudi 2017,"Romanzo, fuga, ribellione"
A1258-20,Giorgio Scianna,La regola dei pesci,Einaudi 2017,"Romanzo, fuga, ribellione"
A1258-21,Giorgio Scianna,La regola dei pesci,Einaudi 2017,"Romanzo, fuga, ribellione"
A1258-22,Giorgio Scianna,La regola dei pesci,Einaudi 2017,"Romanzo, fuga, ribellione"
A1258-23,Giorgio Scianna,La regola dei pesci,Einaudi 2017,"Romanzo, fuga, ribellione"
A1259-1,Giorgio Scianna,La regola dei pesci,Einaudi 2017,"Romanzo, fuga, ribellione"
A1259-2,Giorgio Scianna,La regola dei pesci,Einaudi 2017,"Romanzo, fuga, ribellione"
A1259-3,Giorgio Scianna,La regola dei pesci,Einaudi 2017,"Romanzo, fuga, ribellione"
A1259-4,Giorgio Scianna,La regola dei pesci,Einaudi 2017,"Romanzo, fuga, ribellione"
A1259-5,Giorgio Scianna,La regola dei pesci,Einaudi 2017,"Romanzo, fuga, ribellione"
A1259-6,Giorgio Scianna,La regola dei pesci,Einaudi 2017,"Romanzo, fuga, ribellione"
A1259-7,Giorgio Scianna,La regola dei pesci,Einaudi 2017,"Romanzo, fuga, ribellione"
A1259-8,Giorgio Scianna,La regola dei pesci,Einaudi 2017,"Romanzo, fuga, ribellione"
A1259-9,Giorgio Scianna,La regola dei pesci,Einaudi 2017,"Romanzo, fuga, ribellione"
A1259-10,Giorgio Scianna,La regola dei pesci,Einaudi 2017,"Romanzo, fuga, ribellione"
A1259-11,Giorgio Scianna,La regola dei pesci,Einaudi 2017,"Romanzo, fuga, ribellione"
A1259-12,Giorgio Scianna,La regola dei pesci,Einaudi 2017,"Romanzo, fuga, ribellione"
A1259-13,Giorgio Scianna,La regola dei pesci,Einaudi 2017,"Romanzo, fuga, ribellione"
A1259-14,Giorgio Scianna,La regola dei pesci,Einaudi 2017,"Romanzo, fuga, ribellione"
A1259-15,Giorgio Scianna,La regola dei pesci,Einaudi 2017,"Romanzo, fuga, ribellione"
A1259-16,Giorgio Scianna,La regola dei pesci,Einaudi 2017,"Romanzo, fuga, ribellione"
A1259-17,Giorgio Scianna,La regola dei pesci,Einaudi 2017,"Romanzo, fuga, ribellione"
A1259-18,Giorgio Scianna,La regola dei pesci,Einaudi 2017,"Romanzo, fuga, ribellione"
A1259-19,Giorgio Scianna,La regola dei pesci,Einaudi 2017,"Romanzo, fuga, ribellione"
A1259-20,Giorgio Scianna,La regola dei pesci,Einaudi 2017,"Romanzo, fuga, ribellione"
A1259-21,Giorgio Scianna,La regola dei pesci,Einaudi 2017,"Romanzo, fuga, ribellione"
A1259-22,Giorgio Scianna,La regola dei pesci,Einaudi 2017,"Romanzo, fuga, ribellione"
A1259-23,Giorgio Scianna,La regola dei pesci,Einaudi 2017,"Romanzo, fuga, ribellione"
A1259-24,Crhristoper Hein,"20 cose, tutto cioò che hai bisogno nella vita",Einaudi Ragazzi 2019,"Racconto illustrato,"
A1259-25,Takoua Ben Mohamed,Il mio migliore amico è fascista,Rizzoli2021,"Graphic novel, integrazione"
A1259-26,Ransom Riggs,"Miss Peregrine, La casa dei ragazzi speciali",Rizzoli 2011,"Romanzo, fantasy, magia"
A1259-27,Valerio Massimo Manfredi,"Aléxandros, il confine del mondo",Oscar Mondadori2002,"Romanzo storico, avventura"
A1259-28,Carlo Collodi,Le avventure di Pinocchio,Liberamente2019,"Romanzo, avventura, formazione"
A1259-29,Daniel Pennac,Come un romanzo,Feltrinelli 1993,"Saggio, piacere della lettura"
A1259-30,Giacomo Mazzariol,Mio fratello rincorre i dinosauri,Einaudi 2016,"Romanzo, formazione, diversità"
A1259-31,Asne Seierstad,Il libraio di Kabul,Bur 2002,"Reportage, donne, Afghanistan"
A1259-32,Ray Bradbury,Cronache marziane,Mondadori1989,"Racconti, fantascienza, Marte"
A1259-33,Lindsey Davis,Le miniere dell'imperatore,Il Saggiatore 2010,Romanzo giallo storico
A1259-34,Andrea Camilleri,La pazienza del ragno,Sellerio 2004,Romanzo giallo Montalbano
A1259-35,Enrico Galliano,Eppure cadiamo felici,Garzanti 2017,"Romanzo, adolescenza, fuga"
A1260,Lemony Snicket,Quandol'hai vistal'ultima volta?,Salani Editore 2013,Romanzo giallo illustrato
A1261,Rick Riordan,"Percy Jackson e gli dei dell'Olimpo, Le storie segrete",Mondadori 2013,"Romanzo, fantasy, mitologia"
A1262,Carlo A. Martigli,L'apprendista di Michelangelo,Mondadori 2017,Romanzo giallo storico
A1263,Luigi Ballerini,Il mistero del bosco,Edizioni Lapis 2016,Romanzo fantascienza
A1264,Rick Riordan,Percy Jackson racconta gli Dei Greci,Mondadori 2014,"Romanzo fantasy, mitologia"
A1266,Robin Stevens,Omicidi per signorine,Mondadori 2014,"Romanzo giallo, scuola"
A1265,Lemony Snicket,Chi sarà mai a quest'ora?,Salani Editore 2013,Romanzo giallo illustrato
A1267,Paul Dowswell,L'ultima alba di guerra,Up Feltrinelli,"Romanzo, prima guerra mondiale"
A1268,Silvana De Mari,L'ultimo elfo,Salani Gl'istrici,Romanzo fantasy
A1269,Karl Brucner,Il gran sole di Hiroscima,Giunti 2011,"Romanzo, bomba atomica"
A1270,Geoff Rodkey,"I viaggi di Egg, In fuga da Mortaria",Giunti junior 2012,"Romanzo avventura, pirati"
A1271,Roald Dahl,Il GGG,Salani Gl'istrici 2014,"Romanzo fantasia, gigante"
A1272,Irene Adler,"Sherlock, Lupin e io, Il trio della dama nera",Il battello a vapore 2011,Romanzo giallo
A1273,Lauren Oliver,Il viaggio di Lili e Po,Pickwick 2011,"Romanzo, fantasmi, magia"
A1274,Cris Colfer,La terra delle storie- L'avvertimento dei Grimm,Rizzoli 2014,"Romanzoavventura, fiabe"
A1275,John Flanagan,La terra dei ghiacci - L'apprendista del ranger,Mondadori Junior 2005,"Romanzo storico, avventura"
A1276,Roald Dahl,"Il grande ascensore di cristallo, il seguito della Fabbrica di cioccolato",Salani editore 1989,"Romanzo avventura, fantasia"
A1277,Cornelia Funke,Cuore d'inchiostro,Mondadori 2003,"Romanzo fantasy, magia"
A1278,Michael Morpurgo,Il ragazzo che non uccise Hitler,Pickwick 2015,"Romanzo avventura, nazismo"
A1279,Geronimo Stilton,Cronache del Regno della fantasia - La porta incantata,Piemme 2015,Romanzo fantasy
A1280,Estelle Laure,La notte che ho dipinto il cielo,Dea 2015,"Romanzo sentientale, adolescenza"
A1281,Carrie Firestone,Prima che te ne vai,Hot Spot 2017,"Romanzo, adolescenza, morte"
A1282,Jérome Colin,Campo di battaglia,Einaudi Stile libero2018,"Romanzo, adolescenza, famiglia"
A1283,"Barbato, Bussola, Pilliu",Bacteria,Astra Star Comics 2021,"Graphic novel, epidemia"
A1284,"Vernay, Alibert, Lapière",Rose,Tunué 2020,"Graphic novel, mistero"
A1285,Carol Swain,Quello che voleva essere,Tunué 2019,"Graphic novel, fantasia, natura"
A1286,Philippe Nessmann,Missione Marte,Electa Junior 2017,"Game book, fantascienza"
A1287,Emanuele Melilli,Maria Stuarda,RCS 2020,Biografia
A1288,Federica Meloni,Lucrezia Borgia,RCS 2020,Biografia
A1289,Gabriella Seveso,Maria Montessori,RCS 2020,Biografia
A1290,Stefania Podda,Marie Curie,RCS 2020,Biografia
A1291,Barbara Biscotti,Cleopatra,RCS 2020,Biografia
A1292,Filippo Danovi,Artemisia Gentileschi,RCS 2020,Biografia
A1293,Alberto Fabris,Elisabetta I,RCS 2020,Biografia
A1294,Gian Luca D'Errico,Madame de Pompadour,RCS 2020,Biografia
A1295,Alessandra Consolaro,Indira Gandhi,RCS 2020,Biografia
A1296,Emanuele Melilli,Anna Bolena,RCS 2020,Biografia
A1297,Stefania De Nardis,Caterina II di Russia,RCS 2020,Biografia
A1298,Loredana Garlati,Elisabetta d'Austria,RCS 2020,Biografia
A1299,Denis Forasacco,Vittoria,RCS 2020,Biografia
A1300,Filippo Danovi,Maria Antonietta,RCS 2020,Biografia
A1301,Barbara Biscotti,Giovanna D'Arco,RCS 2020,Biografia
A1302,Luca Mori,Saffo,RCS 2020,Biografia
A1303,Alberto Fabris,Caterina De'Medici,RCS 2020,Biografia
A1304,Andrea Dusio,Paolina Bonaparte,RCS 2020,Biografia
A1305,Adrian Besley,Billie Eilish,Magazzini Salani 2020,Biografia
A1306,Carla Maria Russo,Il cavaliere del giglio,Pickwick 2007,"Romanzo storico, Firenze 1200"
A1307,Ellis Peters,La vergine nel ghiaccio,Tea Due 1993,"Romanzo giallo storico, Medioevo"
A1308,Ian Herbert,"Quiet genius - Bob Paisley, british football's Greatest manager",Blombury Sport 2017,"Biografia, lingua inglese"
-,Valerio Massimo Manfredi,Lo scudo di Talos,Oscar Mondadori Junior 2013,"Romanzo storico, Sparta"
A1309,Andrew Roberts,Napoleon the Great,Penguin books 2014,"Biografia, lingua inglese"
A1310,Disney,Il commissario Topalbano e altri polizieschi,Giunti 2019,"Fumetto, poliziesco"
-,"Alì Ehsani, Francesco Casolo",I ragazzi hanno grandi sogni,Universale Economica Feltrinelli 2018,"Romanzo, emigrazione"
A1311-1,Elsa Morante,L'isola di Arturo,Salone del libro di Torino 2022,Romanzo formazione
A1311-2,Elsa Morante,L'isola di Arturo,Salone del libro di Torino 2022,Romanzo formazione
A1311-3,Elsa Morante,L'isola di Arturo,Salone del libro di Torino 2022,Romanzo formazione
A1311-4,Elsa Morante,L'isola di Arturo,Salone del libro di Torino 2022,Romanzo formazione
A1311-5,Elsa Morante,L'isola di Arturo,Salone del libro di Torino 2022,Romanzo formazione
A1311-6,Elsa Morante,L'isola di Arturo,Salone del libro di Torino 2022,Romanzo formazione
A1311-7,Elsa Morante,L'isola di Arturo,Salone del libro di Torino 2022,Romanzo formazione
A1311-8,Elsa Morante,L'isola di Arturo,Salone del libro di Torino 2022,Romanzo formazione
A1311-9,Elsa Morante,L'isola di Arturo,Salone del libro di Torino 2022,Romanzo formazione
A1311-10,Elsa Morante,L'isola di Arturo,Salone del libro di Torino 2022,Romanzo formazione
A1311-11,Elsa Morante,L'isola di Arturo,Salone del libro di Torino 2022,Romanzo formazione
A1311-12,Elsa Morante,L'isola di Arturo,Salone del libro di Torino 2022,Romanzo formazione
A1311-13,Elsa Morante,L'isola di Arturo,Salone del libro di Torino 2022,Romanzo formazione
A1311-14,Elsa Morante,L'isola di Arturo,Salone del libro di Torino 2022,Romanzo formazione
A1311-15,Elsa Morante,L'isola di Arturo,Salone del libro di Torino 2022,Romanzo formazione
A1311-16,Elsa Morante,L'isola di Arturo,Salone del libro di Torino 2022,Romanzo formazione
A1311-17,Elsa Morante,L'isola di Arturo,Salone del libro di Torino 2022,Romanzo formazione
A1311-18,Elsa Morante,L'isola di Arturo,Salone del libro di Torino 2022,Romanzo formazione
A1311-19,Elsa Morante,L'isola di Arturo,Salone del libro di Torino 2022,Romanzo formazione
A1311-20,Elsa Morante,L'isola di Arturo,Salone del libro di Torino 2022,Romanzo formazione
A1311-21,Elsa Morante,L'isola di Arturo,Salone del libro di Torino 2022,Romanzo formazione
A1311-22,Elsa Morante,L'isola di Arturo,Salone del libro di Torino 2022,Romanzo formazione
A1311-23,Elsa Morante,L'isola di Arturo,Salone del libro di Torino 2022,Romanzo formazione
A1311-24,Elsa Morante,L'isola di Arturo,Salone del libro di Torino 2022,Romanzo formazione
A1311-25,Elsa Morante,L'isola di Arturo,Salone del libro di Torino 2022,Romanzo formazione
A1312,Lucinda Riley,La sorella perduta,Giunti 2021,Romanzo rosa
A1313,Gisella Laterza,La Divina Commedia,I classicini-Corriere della sera,Grandi storie in poche parole
A1314,Giacomo Keison Bevilacqua,Troppo facile amarti in vacanza,Bao publishing 2021,"Graphic novel, distopia"
A1315,Pier Emilio Castoldi,Voghera nebbie mortali,Fratelli Frilli editori 2016,Giallo
A1316,Ellis Peters,Il sepolcro oltre le dune,TEA Due 2001,Giallo
A1317,Paula Hawkins,Dentro l'acqua,Piemme 2017,Thriller
A1318,Mario Rigoni Stern,Stagioni,Einaudi 2021,Narrativa
A1319,"Francesca Ceci, Alessia Puleo",Possiamo essere tutto,Tunue 2022,"Graphic novel, emigrazione"
A1320,Pierdomenico Boccalario,L'isola del Tesoro da Robert Louis Stevenson,Classicini-Corriere della sera 2022,Grandi storie in poche parole
A1321,Sarah Rossi,Racconti di Edgar Allan Poe,Classicini-Corriere della sera 2022,Grandi storie in poche parole
A1322,Roberto Piumini,I Promessi sposi da Alessandro Manzoni,Classicini-Corriere della sera 2022,Grandi storie in poche parole
418,Robert Louis Stevenson,Romanzi racconti e saggi,I Meridiani A. Mondadori Editore,"Raccolta avventure, cronache di viaggi"
637,Alberto Moravia,Gli indifferenti,Bompiani 1995,"Romanzo, noia, crisi gioventù"
638,Alberto Moravia,Gli indifferenti,Bompiani 1995,"Romanzo, noia, crisi gioventù"
619-620,Miguel de Cervantes,Don Chisciotte della Mancia,Bur 1993,"Romanzo, cavalieri, avventura"
617-618,Miguel de Cervantes,Don Chisciotte della Mancia,Bur 1993,"Romanzo, cavalieri, avventura"
A1323,David Grossman,Vedi alla voce: amore,Oscar Mondadori 2014,"Romanzo, Shoah"
A1324,Banana Yoshimoto,Chie-chan e io,Feltrinelli 2010,"Romanzo, affetti, morte, Italia"
A1325,Joseph Roth,La Cripta dei Cappuccini,Newton 2010,"Romanzo, Prima guerra mondiale"
A1326,Siobhan Dowd,Il mistero del London Eye,Uovonero 2011,"Romanzo, giallo, inclusione"
A1327,Colum Mc Cann,Questo bacio vada al mondo intero,Bur 2017,"Romanzo, World Trade Center"
A1328,Albert Einstein,Il significato della relatività - Il mondo come io lo vedo,Newton 2015,"Saggio, fisica"
628,Sibilla Aleramo,Una donna,Feltrinelli 1992,"Romanzo, femminismo"
A1339,Alicia Gimenz Bartlett,Un Natale di pietra,La Repubblica 2020,"racconto, giallo"
A1340,Andrea Camilleri,Capodanno,La Repubblica 2020,"racconto, giallo"
A1341,Maurizio De Giovanni,Febbre,La Repubbilca 2020,"racconto, giallo"
A1342,Francesco Recami,Ottobre in giallo a Milano,La Repubblica 2020,"racconto , giallo"
A1343,Marcello Fois,Ti ho fatto male,La Repubblica 2020,"racconto , giallo"
A1344,Alessandro Robecchi,Il tavolo,La Repubblica 2020,"racconto, giallo"
A1345,Diego De Silva,Patrocinio gratuito,La Repubblica 2020,"racconto, giallo"
A1346,Esmahan Aykol,Rubacuori a Capodanno,La Repubblica 2020,"racconto, giallo"
A1347,Santo Piazzese,Come fu che cambiai marca di Whisky,La Repubblica 2020,"racconto, giallo"
A1348,Gianpaolo Simi,Il comandante Oberdan,La Repubblica 2020,"racconto, giallo"
A1349,Maurizio De Giovanni,Un giorno di settembre a Natale,La Repubblica 2020,"racconto, giallo"
A1350,Carlo Lucarelli,A girl like you,La Repubblica 2020,"racconto, giallo"
A1351-1,Antonio Tabucchi,Sostiene Pereira,Salone internazionale del libro Torino 23,"romanzo, presa di coscienza, dittatura"
A1351-2,Antonio Tabucchi,Sostiene Pereira,Salone internazionale del libro Torino 23,"romanzo, presa di coscienza, dittatura"
A1351-3,Antonio Tabucchi,Sostiene Pereira,Salone internazionale del libro Torino 23,"romanzo, presa di coscienza, dittatura"
A1351-4,Antonio Tabucchi,Sostiene Pereira,Salone internazionale del libro Torino 23,"romanzo, presa di coscienza, dittatura"
A1351-5,Antonio Tabucchi,Sostiene Pereira,Salone internazionale del libro Torino 23,"romanzo, presa di coscienza, dittatura"
A1351-6,Antonio Tabucchi,Sostiene Pereira,Salone internazionale del libro Torino 23,"romanzo, presa di coscienza, dittatura"
A1351-7,Antonio Tabucchi,Sostiene Pereira,Salone internazionale del libro Torino 23,"romanzo, presa di coscienza, dittatura"
A1351-8,Antonio Tabucchi,Sostiene Pereira,Salone internazionale del libro Torino 23,"romanzo, presa di coscienza, dittatura"
A1351-9,Antonio Tabucchi,Sostiene Pereira,Salone internazionale del libro Torino 23,"romanzo, presa di coscienza, dittatura"
A1351-10,Antonio Tabucchi,Sostiene Pereira,Salone internazionale del libro Torino 23,"romanzo, presa di coscienza, dittatura"
A1351-11,Antonio Tabucchi,Sostiene Pereira,Salone internazionale del libro Torino 23,"romanzo, presa di coscienza, dittatura"
A1351-12,Antonio Tabucchi,Sostiene Pereira,Salone internazionale del libro Torino 23,"romanzo, presa di coscienza, dittatura"
A1351-13,Antonio Tabucchi,Sostiene Pereira,Salone internazionale del libro Torino 23,"romanzo, presa di coscienza, dittatura"
A1351-14,Antonio Tabucchi,Sostiene Pereira,Salone internazionale del libro Torino 23,"romanzo, presa di coscienza, dittatura"
A1351-15,Antonio Tabucchi,Sostiene Pereira,Salone internazionale del libro Torino 23,"romanzo, presa di coscienza, dittatura"
A1351-16,Antonio Tabucchi,Sostiene Pereira,Salone internazionale del libro Torino 23,"romanzo, presa di coscienza, dittatura"
A1352,Alda Merini,L'altra verità,Bur Rizzoli 1997,"Biografia, manicomio"
A1353,Giuseppe Ungaretti,Vita d'un uomo,I meridiani A. Mondadori Editore 2009,Raccolta di poesie
A1354,David Grossman,Caduto fuori dal tempo,Mondadori 2011,"Romanzo, dolore, morte"
A1355,Cesare Pavese,La luna e i falò,Einaudi 1950,"Romanzo, ricordi, infanzia, guerra"
A1356,Alessandro D'Avenia,L'arte di essere fragili,Oscar Mondadori 2016,"Saggio, adolescenza, Leopardi"
A1357,Alessandro D'Avenia,"Bianca come il latte, rossa come il sangue",Oscar Mondadori 2010,"Romanzo, adolescenza, malattia"
A1358,Alessandro D'Avenia,L'appello,Mondadori 2020,"Romanzo, formazione, scuola,"
A1359,Cristina Obber,Era solo un selfie,Il battello a vapore 2022,"Romanzo, amicizia, revenge porn"
A1360,Virginie Grimaldi,Via dei colibrì,Fabbri editori 2021,"Romanzo, amore, ricordi"
A1361,Madeline Miller,Circe,Marsilio 2018,"Romanzo, mitologia"
A1362,Luigi Garlando,"Vai all'inferno, Dante!",Rizzoli 2020,"Romanzo, adolescenza, rivalità"
A1363,Cailin Og,Hope L'ultimo segreto del Fuoco,Adriano Salani Editore 2013,"Romanzo fantasy, mitologia"
A1364,Arthur Schnitzler,Doppio sogno,La biblioteca di Repubbica 2011,"Racconto, eros, inconscio"
A1365,Jean Christophe Derrien- Remi Torregrossa,1984,Edizioni Star Comics 2022,"Graphic novel, fantascienza distopica"
A1366,Giuseppe Pederali,I ragazzi di Villa Emma,Edizioni scolastiche Bruno Mondadori 1989,"Romanzo, nazismo, amicizia"
A1367,Edwin A. Abbott,Flatlandia,RL spa 2021,Racconto fantastico
A1368,Michael Zadoorian,Beautiful Music,Marcos Y Marcos 2018,"Romanzo formazione , musica, bullismo"
A1359-1,Cristina Obber,Era solo un selfie,Il battello a vapore 2022,"Romanzo, amicizia, revenge porn"
A1370,George Orwell,1984,RL spa 2021,Romanzo distopico
A1371,Elle Cosimano,Stagioni del caos,Rizzoli 2021,"Romanzo, fantasy, mitologia"
A1372,Federico Pace,La più bella estate,Einaudi 2022,"Racconti, viaggi, amori"
A1373,Seanan Mc Guire,Una porta per ogni cuore,Mondadori 2022,"Romanzo, fantasy, ecologia"
A1374,Bianca Pitzorno,La bambina con il falcone,Edizioni scolastiche Bruno Mondadori 1982,"Romanzo, avventura, Medioevo"
A1375,Molière,Commedie,Mondadori 1960,Teatro
A1376,Pier Paolo Pasolini,Ragazzi di vita,Garzanti 1962,"Romanzo, neorealismo, periferia"
A1377,Silvio Pellico,Le mie prigioni,SEI 1955,"Autobiografia, Risorgimento"
A1378,Boris L. Pasternak,Il dottor Zivago,Feltrinelli Editore 1958,"Romanzo, Russia, guerra civile, amore"
A1379,Linda Traversi,La panchina delle cose difficili,Einaudi Ragazzi 2022,"Romanzo, adolescenza, accettazione"
A1369,John Boyne,La sfida,Bur Rizzoli 2009,"Racconto, adolescenza, fuga"
A1370,Philip K. Dick,"Ubik, io sono vivo voi siete morti",Fanucci Editore 1969,"Romanzo, fantascienza, precog"
A1371,AAVV,Cuori connessi,Il Borgo Bologna 2022,"Racconti, bullismo, cyberbullismo"
A1372,"Pif, Marco Lillo","Io posso, due donne sole contro la mafia",Feltrinelli 2021,"Storia vera, mafia"
A1373,Rocco Tanica,Non siamo mai stati sulla Terra,Il Saggiatore 2022,Dialogo uomo macchina
A1374,Robert L. Stevenson,L'sola del tesoro,Panorama 1991,"Romanzo, avventura, Medioevo"
A1375,Erin Doom,Fabbricante di lacrime,Magazzini Salani 2021,"Romanzo dark, bene e male"
A1376,Dan Brown,Inferno,Mondadori 2013,"Romanzo, thriller, simbologia"
A1377,GustavoPietropolli Charmet,L'insostenibile bisongo di ammirazione,Editori Laterza 2018,"Saggio, psicologia, ammirazione"
A1378,Marie-Aude Murail,"Niente cravatta, Sauveur& figlio",Giunti 2017,"Romanzo, psicologia, famiglia"
A1379,Espérance Hakuzwimana,Tutta intera,Einaudi 2022,"Romanzo, identità, appartenenza"
A1380,Sahar Mustafah,La tua bellezza,Marcos Y Marcos 2020,"Romanzo, identità Islam"
A1381,Guiulio Ferroni,Ariosto,Corriere della sera 2016,"Saggio, letteratura italiana"
A1382,Nicola Lilin,La guerra e l'odio,Piemme 2023,"Saggio, guerra Russia Ucraina"
A1383,Valerio M. Manfredi,Lo scudo di Talos,Oscar Mondadori 1988,"Romanzo, guerra, Sparta"
A1384,Robert M. Pirsig,Lo Zen e l'arte della manutenzione della motocicletta,Adelphi 1981,"Viaggio, filosofia"
A1385,Casare Pavese,La luna e i falò,ET Scrittori 2020,"Romanzo, memoria, perdita delle illusioni"
A1386,Randa Ghazy,Sognando Palestina,Fabbri Editori 2002,"Romanzo, guerra, amicizia"
A1387,Jay Elliot,Steve Jobs. L'uomo che ha inventato il futuro,Hoepli 2015,Biografia
A1388,Joanne K. Rowling,Harry Potter e la pietra filosofale,Salani Editore 1997,"Romanzo, fantasy, maghi"
A1389,Rita Levi Montalcini,L'asso nella manica a brandelli,Baldini e Castoldi 1998,"Saggio, vecchiaia"
A1390,Umberto Veronesi,Il diritto di morire,Mondadori 2005,"Saggio, eutanasia"
A1391,"Marco t, Giordana, Fava, Zapelli",I cento passi,Feltrinelli 2014,"Sceneggiatura film, impegno civile, mafia"
A1392,Paolo Repossi,Il rito derl filare. Piccola disciplina del vigneto,Ediciclo 2023,"Saggio, rapporto uomo-natura"
A1393,Jean-Pierre Vernant,C'era una volta Ulisse,Einaudi 2006,"Racconti, miti greci"
A1394,Autori Vari,Parole ostili. 10 racconti a cura di Loredana Lipperini,Editori Laterza 2018,"Racconti, violenza verbale"
A1395,Marco Malvaldi,Oscura e celeste,Giunti 2023,"Romanzo giallo, Galileo Galilei"
A1396,Andrea Camilleri,Il boccone del povero,La Repubblica 2021,"Romanzo giallo, Vigata"
A1397,Andrea Camilleri,Il duello è contagioso,La Repubblica 2021,"Romanzo giallo, Vigata"
A1398,Stephen King,Carrie,RCS 1994,"Romanzo horror, telecinesi"
A1399,Tom Clancy,La grande fuga dell'Ottobre Rosso,RCS 1997,"Romanzo techno-thriller, spionaggio"
A1400,Emilio Salgari,Sandokan alla riscossa,Bur Ragazzi 2011,"Romanzo avventura, pirati, Malesia"
A1401,Elena Ferrante,Storia del nuovo cognome,Edizioni e/o,"Romanzo formazione, amicizia, Napoli"
A1402,Isabel Allende,Paula,Feltrinelli 1994,"Romanzo, malattia, morte"
A1403,Andrea Franzoso,Ero un bullo. La vera storia di Daniel Zaccaro,De Agostini 2022,"Romanzo, carcere, riscatto"
A1404,William Golding,Il Signore delle Mosche,Mondadori 2017,"Romanzo, distopia, autogoverno"
A1405,Martha Grimes,Shakespeare in nero (Una tragedia prefetta),Il Giallo Mondadori 1984,"Romanzo giallo, serial killer, Stratford"
A1406,Jules Verne,Ventimila leghe sotto i mari,Bur Ragazzi 2016,"Romanzo avventura, Nautilus"
A1407,Kazuo Ishiguro,Non lasciarmi,Einaudi 2016,"Romanzo distopico, amicizia"
A1408,"Paolo Vineis, Luca Savarino",La salute del mondo,Feltrinelli 2021,"Saggio, ambiente, clima, pandemie"
A1409,Roberto Cingolani,L'altra specie,Il Mulino 2019,"Saggio, intelligenza artificiale, robot"
A1410,Jean-Paul Sartre,Nausea,Penguin Modern Classics 1965,"Romanzo lingua inglese, crisi esistenziale, disagio"
A1411,Paolo Occhipinti,D'amore e di guerra,Cairo 2012,"Romanzo, guerra, figura femminile"
A1412,Andrew Norriss,Da quando ho incontrato Jessica,Il castoro 2016,"Romanzo, adolescenza, amicizia"
A1413,Pietro Grasso,Paolo Borsellino parla ai ragazzi,Feltrinelli 2021,Saggio. mafia
A1414,Sebastiano Maffettone,Il quarto shock,Luiss University Press 2020,"Saggio, virus, pandemia"
A1415,Michele Ainis,Il regno dell'Uroboro,La nave di Teseo 2018,"Saggio, social, solitudine"
A1416,Anna Lavatelli,Erano tutti figli miei,Notes Edizioni 2019,"Romanzo, guerra, persecuzioni razziali"
A1417,Charles M. Schulz,Tutto Peanuts anni 1950-1951,Hachette 2022,Fumetti
A1418,Oscar Wilde,The importance of being Earnest,Lucarini scuola 1986,"Commedia, satira società vittoriana, equivoci"
A1419,Jostein Gaarder,Il mondo di Sofia,Euroclub 1997,"Romanzo, filosofia"
A1420,George R.R. Martin,Il trono di Spade - Il grande inverno,Mondadori 2016,"Romanzo fantasy, lotte, intrighi"
A1421,-,Ombre sulla sabbia,Edizioni EL 2000,Libro game
A1422,Marie-Aude Murail,Lupa bianca lupo nero,Giunti 2019,"Romanzo, psicologia, adolescenza"
A1423,Claudio Moretti,Storie di grandi campioni,Newton Compton Editori 2019,Biografie sportivi
A1424,Mattia Bertoldi,Il coraggio di Lilly,Tre60 2022,"Romanzo storia vera, persecuzioni ebrei"
A1425,Fabio Geda,L'estate alla fine del secolo,Dalai editore 2011,"Romanzo ricordi, famiglia"
A1426,Valerio Massimo Manfredi,Il mio nome è nessuno-Il giuramento,Mondadori 2017,"Romanzo, Ulisse"
A1427,Harper Lee,Il buio oltre la siepe,Universale economica Feltrinelli 2013,"Romanzo di formazione, razzismo"
A1428,Primo Levi,I sommersi e i salvati,Einaudi scuola 2019,"Romanzo , Lager"
A1429,Fred Uhlman,L'amico ritrovato,Universale economica Feltrinelli 2013,"Romanzo di formazione, leggi razziali"
A1430,Cesare Pavese,La casa in collina,Einaudi 2020,"Romanzo, seconda guerra mondiale"
A1431,Francesco D'Adamo,Storia di Iqbal,Edizioni EL 2001,"Romanzo, sfruttamento minorile"
A1432,Voltaire,Candido o l'ottimismo,Universale Economica Feltrinelli 2019,Romanzo filosofico
A1433,Giovanni Verga,Storia di una capinera,Bur 2010,Romanzo epistolare
A1434,Emilio Lussu,Un anno sull'altopiano,Einaudi 2000,"Romanzo, Grande Guerra"
A1435,JacK London,Il richiamo della foresta,BIANCOENERO 2017,"Romanzo,corsa all'oro, audiolibro"
A1436,Primo Levi,I sommersi e i salvati,Emos,"Romanzo, Lager, audiolibro"
A1437,Josten Gaarder,Il mondo di Sofia,Longanesi 2009,Romanzo filosofico. CD
A1438,Massimo Gramellini,Fai bei sogni,Salani Editore 2012,"Romanzo, audiolibro"
A1439,André Aciman,Chiamami con il tuo nome,Salani Editore 2007,"Romanzo di formazione,.audiolibro"
A1440,AAVV,Le mille e una notte,Emos audionotes 2024,"Novelle,Audiolibro"
A1441,Jane Austen,Persuasione,Emos audionotes 2022,"Romanzo rosa, audiolibro"
A1442,Giuseppe Tommasi di Lampedusa,Il Gattopardo,Emos audionotes 2022,"Romanzo storico, Unità d'italia, audiolibro"
A1443,Fedor DostoevskiJ,Delitto e castico,Emos audionotes 2018,"Romanzo storico, audiolibro"
A1444,James Matthew Barrie,Peter Pan,Emos audionotes 2021,"Romanzo, narrativa fantasy, audiolibro"
A1445,Hermann Hesse,Siddharta,Emos audionotes 2021,"Romanzo, narrativa filosofica, audiolibro"
A1446,Francis Scott Fitgerald,Il grande Gatsby,Emos audionotes 2011,"Romanzo, narrativa americana,audiolibro"
A1447,Bram Stoker,Dracula,Emos audionotes 2022,"Romanzo Horror, audiolibro"
A1448,Jane Austen,Orgoglio e pregiudizio,Emos audionotes 2009,"Romanzo rosa, audiolibro"
A1449,Virginia Woolf,Al faro,Emos audionotes 2014,"Romanzo, audiolibro"
A1450,Lev Toltstoj,Anna Karenina,Emos audionotes 2021,"Romanzo, audiolibro"
A1451,Micol Sarfatti,Margherita Sarfatti,Giulio Perrone Editore 2023,Biografia
A1452,Ciro Auriemma,Il vento ci porterà,Piemme 2021,Romanzo rosa
A1453,Laura Imai Messina,Tokyo tutto l'anno,Einaudi 2020,Letteratura di viaggio
A1454,Mary Renauly,Giochi Funerari,Mondadori 2023,"Romanzo storico, Alessandro Magno"
A1455,Sylvia Plath,La campana di vetro,Mondadori 2023,Romanzo
A1456,Tadeusz Borowsky,"Da noi, ad Auschwitz",Mondadori 2023,"Romanzo,Lager"
A1457,Franco Forte,Gengis Khan,Mondadori 2023,Romanzo storico
A1458,Giovanni Nucci,Il mare color del vino,Salani 2021,"Romanzo, Ulisse"
A1459,Francesco D'Adamo,La traversata,Il castoro 2021,"Romanzo, migrazioni"
A1460,Luigi Rainero Fassati,Mal d'alcol,Salani 2017,"Saggio, dipendenze"
A1461,Silvia Avallone,Un'amicizia,Rizzoli 2021,"Romanzo, amicizia, provincia"
A1462,Fabrizio Casa,Fragile,Sinnos Editrice 2012,"Romanzo, adolescenza, criminalità, rugby"
A1463,Bianca Garavelli,Lle terzine perdute di Dante,Bur Narrativa 2015,"Romanzo, mistero, manoscritto"
A1464,Edgard Allan Poe,Eureka Poema in prosa,Tascabili economici Newton 1996,"Saggio, cosmogonia"
A1465,Conan Doyle,Gli aforismi di Sherlock Holmes,Tascabili economici Newton 1995,"Raccolta, citazioni"
A1466,Gina Basso,Il coraggio di parlare,Fabbri Editori 1971,"Romanzo, mafia"
A1467,Conan Doyle,Le avventure di Sherlock Holmes,Biblioteca Economica Newton 2008,"Racconti, misteri"
A1468,Massimiliano Frassi,I bambini delle fogne di Bucarest,Ferrari Editrice 2002,"Reportage, infanzia violata"
A1469,"Buronson, Tetsuo Hara",Ken il guerriero Volume 1,d/Books 1983,Manga
A1470,Alberto Manzi,Orzowei,Bompiani Editore 1961,"Romanzo avventura, Africa"
A1471,Christopher Paolini,Eragon,Fabbri Editori 2003,"Romanzo fantasy , draghi"
A1472,Montesquieu,Persian letters,Penguin Classics 1973,"Romanzo epistolare, lingua inglese"
A1473,Charles Dickens,A tale of two cities,The Penguin English Library 1970,"Romanzo storico, lingua inglese"
A1474,Agatha Christie,Murder on the links,Fontana Collins 1988,"Romanzo poliziesco, Poirot, lingua inglese"
A1475,Daniele Mencarelli,Sempre tornare,Mondadori 2021,Romanzo di formazione
A1476,Martin Gilbert,"La grande storia della Prima guerra mondiale, vol. 2",Il Giornale 1998,Saggio storico
A1477,Luca O'Connor,Harper Evans e la stella dei desideri,Edizioni WE 2021,"Romanzo, magia, desideri"
A1478,Agatha Christie,Poirot Investigates,Bantan Books 1982,"Racconti polizieschi, lingua inglese"
A1479,Edward M. Forster,A room with a view,Penguin Classics 1987,"Romanzo, borghesia vittoriana, lingua inglese"
A1480,Luigi Pirandello,Six characters in search of an author,Eyre Methuen 1979,"Dramma teatrale, identità, metateatro, lingua inglese"
A1481,Hermann Hesse,The journey to the East,Panther 1966,"Racconto allegorico, lingua inglese"
A1482,Autori vari,"English verse, edited by J. Hayward",Penguin Books 1985,"Raccolta poesie, lingua inglese"
A1483,Conan Doyle,Black Peter - The red-headed league,Easy readers 1980,"Racconti gialli, Sherlock Holmes, lingua inglese"
A1484,Agatha Christie,Ten little niggers,Fontana Collins 1979,"Romanzo giallo, lingua inglese"
A1485,Oscar Wilde,Il delitto di Lord Arthur Savile,Tascabili La Spiga,"Racconti, predestinazione"
A1486,Oscar Wilde,Un marito ideale,Tascabili Economici Newton 1994,"Commedia, dandy Lord Goring,"
A1487,Oscar Wilde,Un marito ideale,Tascabili Economici Newton 1994,"Commedia, dandy Lord Goring,"
A1488,George Orwell,1984,Crescere Edizioni 2024,Romanzo distopico
A1489,Melville,Le cento pagine più belle,Mondadori 1982,Antologia
A1490,Vincenzo Cerami,Un borghese piccolo piccolo,Corriere della sera 2003,"Romanzo, boom economico"
A1491,Charles Darwin,L'origine delle specie,Corriere della sera 2010,"Saggio, evoluzionismo"
A1492,Adam Smith,La ricchezza delle nazioni,Corriere della sera 2010,"Saggio, economia, capitalismo"
A1493,Sergio Valzania,Fare la pace - Vincitori e vinti in Europa,Salerno Editrice 2011,Saggio storico
A1494,Raoul Pupo,Trieste '45 Dalla risiera alle foibe,Corriere della sera 2010,Saggio storico
A1495,Alicia Giménez-Bartlett,Un vero e proprio viaggio,la Repubblica 2021,Racconto giallo
A1496,Andrea Camilleri,Doppia indagine,la Repubblica 2021,Racconto giallo
A1497,Andrea Camilleri,L'oro a Vigata,la Repubblica 2021,Racconto giallo
A1498,Andrea Camilleri,I cacciatori,la Repubblica 2021,Racconto giallo
A1499,Andrea Camilleri,Il palato assoluto,la Repubblica 2021,Racconto giallo
A1500,Andrea Camilleri,Il morto viaggiatore,la Repubblica 2021,Racconto giallo
A1501,Andrea Camilleri,Il terremoto del '38,la Repubblica 2021,Racconto giallo
A1502,Andrea Camilleri,La rettitudine fatta persona,la Repubblica 2021,Racconto giallo
A1503,"Manfred Lee, Frederic Dannay",L'avventura della signora barbuta,la Repubblica 2021,Racconto giallo
A1504,Manuel Vazquez Montalban,La dea nuda,la Repubblica 2021,Racconto giallo
A1505,Antonio Manzini,L'eremita,la Repubblica 2021,Racconto giallo
A1506,Maurizio de Giovanni,L'omicidio Carosino,la Repubblica 2021,Racconto giallo
A1507,Vincenzo Arte,Crescere senza voti,Mondadori 2023,Didattica
A1508,John Green,Cercando Alaska,BUR 2019,"Amore, dolore"
A1509,Kathleen Glasgow,E poi ci sono io,BUR 2018,"Young adult, malattia mentale"
A1510,Harper Lee,Il buio oltre la siepe,Universale economica Feltrinelli,"Romanzo di formazione,razzismo"
A1511,Luigi Garlando,Presentami un sogno,Harper Collins. 2021,"Romanzo di formazione, crisi postpandemica, sport"
A1512,Irene Vallejo,Il mio arco riposa muto,Bompiani 2023,Eneide in chiave moderna
A1513,ZEROCALCARE,Kobane calling,Bao 2020,Reportage a fumetti
A1514,Nicola Brunialti,Un nome che non è il mio,Sperling & Kupfer 2022,Shoah
A1515,Sara Gambazza,Ci sono mani che odorano di buono,Longanesi 2023,"Amore, ricordi"
A1516,Patrizia Carrano,La bambina che mangiava i comunisti,Vallecchi 2022,"Ideologia,infanzia,famiglia"
A1517,Daniele Aristarco,Io dico no!Storie di eroica disobbedienza,Einaudi Ragazzi 2017,"Coraggio,libertà ,Storia"
A1518,Cosima Buccoliero,Senza sbarre,Einaudi 2022,"Carcere, rieducazione,umanità"
A1519,Minuit,Le ragazze della foresta,Edizioni EL,"Natura, amicizia, libertà"
A1520,Marie-Aude Murail,Flipper (Sauver & figlio2),Giunti 2016,"Psicologia, adolescenza, intrecci"
A1521,AAVV,Donne al futuro,Il Mulino 2021,"Ritratti,impegno,futuro"
A1522,Cosima Buccoliero,Senza sbarre,Einaudi 2022,"Carcere, rieducazione,umanità"
A1523,Farhad Bitani,L'utimo lenzuolo bianco,Neri Pozza editore 2020,"Afghanistan,guerra,dialogo"
A1524,Niccolò Ammaniti,Io non ho paura,Einaudi 2001,"Segreti,infanzia,paura"
A1525,Evelyn Waugh,A Handful of dust,Penguin books,"Satira, disillusione"
A1526,David Thomson,England in the Nineteenth Century,Pelican Books,"Vittoriano, società"
A1527,Graham Greene,The Honorary Consul,Penguin book,"Moralità, confine"
A1528,AAVV,Le Mille e una notte (vol1)-(vol2),Edizioni Corriere della Sera,"Narrazione, magia, Oriente"
A1529,"Enrico Mentana, Liliana Segre",La Memoria rende liberi,Bur 2015,"Testimonianza, olocausto"
A1530,Luis Sepulveda,Il vecchio che leggeva romanzi d'amore,Narratori della Fenice 1989,"Amore, natura, civiltà"
A1531,Luis Sepulveda,Storia di una gabbianella e del gatto che le insegnò a volare,Salani 1998,"Identità, solidarietà"
A1532,Chuck Palahniuk,Invisible monsters,Oscar Mondadori 2012,"Identità, deformazione"
A1533,Alberto Moravia,Gli Indifferenti,Bompiani 1962,"Apatia,ipocrisia"
A1534,Oscar Wilde,Detti e aforismi,BUR 1999,"Estetica, paradosso"
A1535,Kahil Gibran,il profeta,Universale economica Feltrinelli 2010,Spiritualità e libertà
A1536,Bianca Pitzorno,La bambina col falcone,Salani 1992,"Ribellione, identità"
A1537,Dino Buzzati,La famosa invasione degli orsi di Sicilia,Arnaldo Mondadori scuola 1992,"Inooncenza, corruzione"
A1538,Robert Harris,Pompei,Mondadori 2003,Riscatto
A1539,Camilleri,La mossa del cavallo,Bur 1999,"Identità, giallo"
A1540,Robert Ludlum,Il Patto,Club degli editori 1979,"Cospirazione, sopravvivenza"
A1541,Jules Verne,I guai di un cinese in Cina,Edizoni Paoline,"Avventura, catarsi"
A1542,A.Dumas,Il conte di Montecristo,malpiero editore,"Avventura, vendetta"
A1543,Charles Dickens,Oliver Twist,Aurora editore,Critica sociale
A1544,Arthur Conan Doyle,Il mastino di Baskerville,Oscar Mondadori,Giallo
A1545,F. Scott Fitzgerald,Il grande Gatsby,Oscar Mondadori,Illusione dorata
A1546,William Golding,Il signore delle Mosche,Oscar Mondadori,"Male, civiltà"
A1547,Giovanni Falcone,Cose di Cosa Nostra,Fabbri editore,Mafia
A1548,JacK London,Il richiamo della foresta,Oscar Mondadori,Avventura
A1549,Simon Sebag Montefiore,I discorsi che hanno cambiato il mondo,edizioni White Star,-
A1550,Louisa May Alcott,Piccole donne,Bompiani,"crescita, sorellanza"
A1551,Louisa May Alcott,Piccole donne crescono,Aurora editore,romanzo di formazione
A1552,Louisa May Alcott,I ragazzi di Jo,Fratelli Melita editori,romanzo di formazione