n_inventario,autore,titolo,casa_editrice,anno,isbn,generi
3,Vittorio Alfieri,La vita,E.I.R,1964,-,"Biografia, Memorie"
8,Metz/Costa,Attraverso il cinema,Longanesi,1978,-,Saggistica
17,Thomas Mann,I Buddenbrook,Mondadori,1970,9788852013133,"Narrativa, Classico"
18,Carlo Cassola,Il taglio del bosco,Einaudi,1965,-,"Narrativa, Racconti"
20,Cesare Pavese,La bella estate,Einaudi,1949,9788811007449,"Narrativa, Romanzo"
21,Antonio Fogazzaro,Malombra,Mondadori,-,-,"Fantasy, Gotico, Classico"
28,Eduardo de Filippo,Filumena Marturano,Einaudi,1964,-,"Poesia, Teatro"
29,Dino Buzzati,Il deserto dei tartari,Mondadori,2000,9788852031458,"Narrativa, Classico"
A1586,Woody Allen,Io e Annie,Feltrinelli,1991,8807811448,"Poesia, Teatro"
32,Natalia Ginzburg,Lessico famigliare,Einaudi,1963,9788806203054,"Narrativa, Biografia, Memorie"
33,Giorgio Bassani,Gli occhiali d’oro,Mondadori,1977,9788858826362,"Narrativa, Romanzo"
35,Giorgio Bassani,Le storie ferraresi,Einaudi,1960,9788806163907,"Narrativa, Racconti"
57,Miguel de Cervantes,Don Chisciotte della Mancia (Vol. 3),Mondadori,1964,1187081531,"Narrativa, Classico"
58,Miguel de Cervantes,Don Chisciotte della Mancia (Vol. 2),Mondadori,1964,1187081531,"Narrativa, Classico"
59,Miguel de Cervantes,Don Chisciotte della Mancia (Vol. 1),Mondadori,1964,1024506002,"Narrativa, Classico"
64,Erodoto,Storie di antichi popoli,Editrice Italiana di Cultura,1964,9791220346481,"Saggistica, Storia"
66,Carlo Goldoni,La locandiera,Signorelli,1966,9788852057977,"Poesia, Teatro"
76,Victor Hugo,I lavoratori del mare,San Paolo,1966,8818040189,"Narrativa, Classico"
77,I. S. Turgenev,Padri e figli,San Paolo,1961,-,"Narrativa, Classico"
79,W.H. Armstrong,Sounder,Bompiani,1971,9788845233043,"Ragazzi, Romanzo Storico"
81,Beppe Fenoglio,I ventitre giorni della città di Alba,Einaudi,1952,-,"Romanzo Storico, Racconti"
91,Lew Wallace,Ben Hur,San Paolo,1966,1090317662,"Romanzo Storico, Avventura"
103,Vitaliano Brancati,Il bell’Antonio,Bompiani,1963,-,"Narrativa, Romanzo"
104,André Gide,I falsari,Bompiani,1953,8845214125,"Narrativa, Romanzo"
113,Herman Melville,Moby Dick (2 volumi),Garzanti,1946,9781425046897,"Narrativa, Avventura, Classico"
114,Herman Melville,Moby Dick (2 volumi),Garzanti,1946,9781425046897,"Narrativa, Avventura, Classico"
115,Primo Levi,Se questo è un uomo - La tregua,Einaudi,1996,9782808689649,"Biografia, Memorie, Romanzo Storico"
118,John Steinbeck,L’inverno del nostro scontento,Mondadori,1962,-,"Narrativa, Romanzo"
122,Lev Tolstoj,Guerra e pace,Mondadori,1945,9788811131434,"Romanzo Storico, Classico"
123,Lev Tolstoj,Guerra e pace,Mondadori,1945,-,"Romanzo Storico, Classico"
136,Natalia Ginzburg,Le piccole virtù,Einaudi,1962,-,"Narrativa, Saggistica"
141,James Hilton,"Addio, Mister Chips",Mondadori,1938,-,"Narrativa, Romanzo"
150,Carlo Emilio Gadda,Quel pasticciaccio brutto...,Garzanti,1957,-,"Giallo, Thriller, Classico"
158,John Steinbeck,La valle dell’Eden,Mondadori,1954,8804495871,"Narrativa, Classico"
163,Margaret Mitchell,Via col vento,Mondadori,-,9788852047572,Romanzo Storico
168,Arthur Miller,Morte di un commesso viaggiatore,Garzanti,1968,9788858420744,"Poesia, Teatro"
174,Fëdor Dostoevskij,I fratelli Karamazov,Mondadori,1969,9788858608746,"Narrativa, Classico"
175,Fëdor Dostoevskij,I fratelli Karamazov,Mondadori,1969,9788858608746,"Narrativa, Classico"
176,Fëdor Dostoevskij,I fratelli Karamazov,Mondadori,1969,-,"Narrativa, Classico"
177,Oscar Wilde,Il ritratto di Dorian Gray,Sansoni,1965,8807820110,"Fantasy, Gotico, Classico"
182,Dacia Maraini,Donna in guerra,Einaudi,1973,9788858626276,"Narrativa, Romanzo"
184,Peter Weiss,Colloquio dei tre viandanti,Einaudi,1969,-,"Narrativa, Romanzo"
190,Grazia Deledda,Canne al vento,Famiglia Cristiana,1997,1981502300,"Narrativa, Classico"
200,W. Sheridan Allen,Come si diventa nazisti,Einaudi,1968,-,"Saggistica, Storia"
202,John Steinbeck,Uomini e topi,Bompiani,1974,9791221707069,"Narrativa, Classico"
203,Roberto Battaglia,Storia della Resistenza italiana,Einaudi,1964,9788858140512,"Saggistica, Storia"
204,William Shakespeare,Amleto,Einaudi,1965,9788818028409,"Poesia, Teatro"
205,Malvezzi-Pirelli,Lettere di condannati a morte...,Einaudi,1967,9788858425800,"Biografia, Memorie, Storia"
214,Leonardo Sciascia,A ciascuno il suo,Adelphi,1995,9782390802747,"Giallo, Thriller"
248,Luigi Pirandello,Il berretto a sonagli...,Mondadori,1969,1508444919,"Poesia, Teatro"
260,Italo Calvino,L’entrata in guerra,Einaudi,1974,9788806380625,"Narrativa, Racconti, Romanzo Storico"
262,John Steinbeck,Uomini e topi,Bompiani,1995,9788845248436,"Narrativa, Classico"
263,Jack Kerouac,I sotterranei,Feltrinelli,1965,9788852022838,"Narrativa, Biografia, Memorie"
271,Elio Vittorini,Conversazione in Sicilia,Einaudi,1966,9782390802662,"Narrativa, Classico"
281,Elsa Morante,La storia,Einaudi,1974,9788806397272,Romanzo Storico
23,Rondolino,Dizionario del cinema italiano 1945-1969,Einaudi,1969,887742429X,"Saggistica, Manuali"
292,Luigi Pirandello,Dal naso al cielo,Mondadori,1973,1520526040,"Narrativa, Racconti"
293,Giovanni Verga,"Una peccatrice, Storia di una capinera...",Mondadori,1975,9788854147140,"Narrativa, Romanzo"
295,Antonio Fogazzaro,Malombra,Mondadori,1974,9788858833186,"Fantasy, Gotico, Classico"
304,Franz Kafka,Il castello,Mondadori,1977,9788804135506,"Narrativa, Classico"
306,Franz Kafka,Il processo,Mondadori,1975,9798676926243,"Narrativa, Classico"
309,Jaroslav Hasek,Il buon soldato sc’veik,Feltrinelli,1966,8807810484,"Romanzo Storico, Satira"
316,James Joyce,Ulisse,Mondadori,1973,9788804000392,"Narrativa, Classico"
326,Gian Luigi Rondi,7 domande a 49 registi,SEI,1975,9788805055372,Saggistica
328,Luigi Pirandello,I vecchi e i giovani,Mondadori,1967,8817050741,Romanzo Storico
346,Beppe Fenoglio,La malora,Einaudi,1968,8897967221,"Narrativa, Romanzo"
349,Raffaello Brignetti,Il gabbiano azzurro,Mondadori,1973,880632201X,"Narrativa, Romanzo"
351,Cesare Pavese,Feria d’agosto,Mondadori,1971,9788828102878,"Narrativa, Saggistica, Racconti"
252,AA. VV.,Diario del Che in Bolivia,Feltrinelli,1968,8807830019,"Biografia, Memorie"
352,Antonio Fogazzaro,Piccolo mondo antico,Mondadori,1970,9791041961122,Romanzo Storico
354,Emilio Lussu,Un anno sull’altipiano,Einaudi,1960,8876910883,"Romanzo Storico, Biografia, Memorie"
361,Giorgio Bassani,Il giardino dei Finzi-Contini,Einaudi,1962,9788858806326,Romanzo Storico
362,Apollonio,L’uomo nel 2000,Rizzoli,1968,8809206452,Saggistica
369,Leonardo Sciascia,La scomparsa di Majorana,Einaudi,1975,9788845972386,"Saggistica, Biografia, Memorie"
373,Giovanni Verga,Tutte le novelle (due volumi),Mondadori,1970,9788858656785,"Narrativa, Racconti"
374,Giovanni Verga,Tutte le novelle (due volumi),Mondadori,1970,9788804000373,"Narrativa, Racconti"
375,Cesare Pavese,La casa in collina,Einaudi,1967,9788822753366,Romanzo Storico
378,Giovanni Verga,Mastro-Don Gesualdo,Mondadori,1966,9791041965632,"Narrativa, Classico"
379,Joseph Conrad,Racconti di mare e di costa,Mondadori,1971,9788858733356,"Narrativa, Racconti, Avventura"
382,Giuseppe Tomasi di Lampedusa,Opere,Feltrinelli,1974,9788807804476,"Narrativa, Racconti"
386,Luigi Pirandello,Il fu Mattia Pascal,Mondadori,2000,9788804492581,"Narrativa, Classico"
390,Emilio Lussu,Marcia su Roma e dintorni,Einaudi,1974,9788858413302,"Saggistica, Storia"
397,Franz Kafka,La metamorfosi,Garzanti,1976,9788862774468,"Narrativa, Racconti"
400,Ignazio Silone,Il segreto di Luca,Mondadori,2000,9788804492741,"Narrativa, Romanzo"
409,Thomas Mann,"Tonio Kroger, La morte a Venezia...",Garzanti,1982,9788852031496,"Narrativa, Racconti"
411,Oreste del Buono,La stampa italiana sotto il fascismo,Feltrinelli,1971,9788807222535,"Saggistica, Storia"
413,Carlo Levi,Le parole sono pietre,Einaudi,1980,883193371X,"Saggistica, Biografia, Memorie"
414,Renata Viganò,L’Agnese va a morire,Einaudi,1982,8806174843,Romanzo Storico
416,Ernest Hemingway,Fiesta,Einaudi,1981,8855280120,"Narrativa, Classico"
418,Robert Louis Stevenson,"Romanzi, racconti e saggi",Mondadori,-,9788804125306,"Narrativa, Racconti, Saggistica"
424,Mario Rigoni Stern,Il bosco degli urogalli,Einaudi,1974,9788858410189,"Narrativa, Racconti"
A1627,Elio Vittorini,Uomini e no,Mondadori,1973,9788867055067,Romanzo Storico
435,Ernest Hemingway,I racconti di Nick Adams,Einaudi,1981,9788806518760,"Narrativa, Racconti"
438,Maria Bellonci,Rinascimento privato,Marsilio,-,9788852011788,Romanzo Storico
449,Elio Vittorini,Uomini e no,Mondadori,1990,9788804332763,Romanzo Storico
451,Maria Bellonci,Segreti dei Gonzaga,Mondadori,1997,8804808810,Romanzo Storico
452,Dacia Maraini,La lunga vita di Marianna Ucria,Rizzoli,1992,9788858609606,Romanzo Storico
454,Primo Levi,I sommersi e i salvati,Einaudi,1987,9788858420416,"Saggistica, Storia"
456,Herman Melville,Moby Dick,Adelphi,1987,9788845905384,"Narrativa, Avventura, Classico"
457,Maria Bellonci,Rinascimento privato,Marsilio,-,9788852011788,"Romanzo Storico, Narrativa"
462,Francesca Sanvitale,Verso Paola,Einaudi,1992,8895806026,"Narrativa, Romanzo breve"
463,Francesca Sanvitale,Verso Paola,Einaudi,1992,9788806122172,"Narrativa, Romanzo breve"
464,Marco Lodoli,I fannulloni,Einaudi,1990,9788806118434,"Romanzo, Esistenziale"
465,Marco Lodoli,I fannulloni,Einaudi,1990,9788806118434,"Romanzo, Esistenziale"
466,Cesare Pavese,La luna e i falò,Einaudi,1950,9782390802648,"Narrativa, Classici"
467,Natalia Ginzburg,La strada che va in città,Einaudi,1975,9788806412364,"Classico, Formazione"
469,Giuseppe Berto,Colloqui con il cane,Marsilio,1986,9788831749014,"Narrativa, Racconti"
470,Marco Polo,Il Milione,Einaudi,1982,1520555121,"Saggistica, Storia, Biografia, Testimonianze"
489,Vasco Pratolini,Le ragazze di Sanfrediano,Mondadori,1992,1243819103,"Neorealismo, Classico, Corale"
492,Franz Kafka,Lettera al padre,Feltrinelli,1992,8818038427,"Biografia, Diari"
496,AA. VV.,Diario del Che in Bolivia,Feltrinelli,1968,8807830019,"Biografia, Diari, Testimonianze"
499,Domenico Starnone,Segni d’oro,Feltrinelli,1992,9788807811517,"Romanzo, Satira"
502,Carlo Cassola,Fausto e Anna,Rizzoli,1992,9788852029493,"Romanzo Storico, Resistenza, Narrativa"
503,Aldo Palazzeschi,Le sorelle Materassi,Mondadori,1990,8804701579,"Narrativa, Classici"
507,William Shakespeare,Amleto,Feltrinelli,1990,9788818028409,"Poesia, Teatro"
511,Johnny Hart,L’antichissimo mondo di B.C.,Mondadori,1965,8809062035,"Fumetti, Graphic Novel"
516,Johnny Hart,B.C. in 24 lezioni,Mondadori,1972,-,"Fumetti, Graphic Novel"
519,Clara Sereni,Il gioco dei regni,Giunti,1993,8817010790,"Romanzo Storico, Biografia, Testimonianze"
520,Clara Sereni,Il gioco dei regni,Giunti,1993,8817010790,"Romanzo Storico, Biografia, Testimonianze"
521,Rosetta Loy,Le strade di polvere,Einaudi,1987,9788806599720,"Romanzo Storico, Narrativa"
A1556,Joseph Stiglitz,La globalizzazione che funziona,Einaudi,2006,8806190741,"Saggistica, Politica, Scienze"
522,Rosetta Loy,Le strade di polvere,Einaudi,1987,9788806599720,"Romanzo Storico, Narrativa"
525,Edoardo Boncinelli,Le forme della vita,Einaudi,2006,9788861267824,"Saggistica, Scienze"
523,Marx - Engels,Manifesto del Partito Comunista,Einaudi,1998,9788858830369,"Saggistica, Filosofia, Politica"
524,Michel Vovelle,La Rivoluzione francese...,Einaudi,2007,9788806187799,"Saggistica, Storia"
529,Dacia Maraini,La lunga vita di Marianna Ucria,Rizzoli,1993,9788858609606,"Romanzo Storico, Narrativa"
530,Dacia Maraini,La lunga vita di Marianna Ucria,Rizzoli,1993,9788858609606,"Romanzo Storico, Narrativa"
534,Luigi Pirandello,I vecchi e i giovani,Garzanti,1993,8817050741,"Romanzo Storico, Narrativa"
539,Marco Paolini,Il sergente,Einaudi,2008,9788806191429,"Poesia, Teatro, Romanzo Storico"
541,Ignazio Silone,Fontamara,Mondadori,1997,9788804423850,"Narrativa, Classici"
542,James Kakalios,La fisica dei supereroi,Einaudi,2005,9788806173211,"Saggistica, Scienze"
543,Giuseppe Tomasi di Lampedusa,Il Gattopardo,Feltrinelli,1993,8807013088,"Romanzo Storico, Classici"
546,Eileen Power,Vita nel Medioevo,Einaudi,1999,9788806152339,"Saggistica, Storia, Testimonianze"
A1609,Bertolt Brecht,Vita di Galileo,Einaudi,1963,9788806062965,"Poesia, Teatro"
547,Lev Tolstoj,Sonata a Kreutzer,Feltrinelli,1991,9788811134817,"Narrativa, Romanzo breve, Classici"
548,Niccolò Machiavelli,Il Pincipe,Feltrinelli,1992,9788874172221,"Saggistica, Filosofia, Storia, Politica"
550,Oscar Wilde,De profundis,Feltrinelli,1992,9788807820467,"Biografia, Diari, Testimonianze"
552,Italo Svevo,Senilità,Feltrinelli,1991,9786558947066,"Narrativa, Classici"
570,Charles M. Schulz,Un Natale di Charlie Brown,Bompiani,1966,8871338103,"Fumetti, Graphic Novel, Ragazzi"
587,Pier Paolo Pasolini,Ragazzi di vita,Garzanti,1992,9788811666496,"Narrativa, Ragazzi, Formazione"
589,Elsa Morante,L’isola di Arturo,Einaudi,1957,8871885503,"Narrativa, Ragazzi, Formazione"
591,Natalia Ginzburg,Le voci della sera,Einaudi,1963,0719008573,"Narrativa, Romanzo breve"
594,Carlo Cassola,La ragazza di Bube,Rizzoli,1973,8820104555,"Narrativa, Romanzo Storico"
601,Carlo Emilio Gadda,Quel pasticciaccio brutto...,Garzanti,1991,9788811661122,"Giallo, Thriller, Narrativa"
602,James Joyce,Gente di Dublino,La Nuova Italia,1982,9788858623916,"Narrativa, Racconti, Classici"
610,Massimo D'Azeglio,Ettore Fieramosca,Fabbri Editori,1985,9788845023926,"Romanzo Storico, Narrativa"
617,Miguel de Cervantes,Don Chisciotte della Mancia,Rizzoli,1993,9788817169127,"Narrativa, Classici"
24,Rondolino,Dizionario del cinema italiano 1945-1969,Einaudi,1969,887742429X,"Saggistica, Manuali"
618,Miguel de Cervantes,Don Chisciotte della Mancia,Rizzoli,1993,9788817014632,"Narrativa, Classici"
619,Miguel de Cervantes,Don Chisciotte della Mancia,Rizzoli,1993,9788817169127,"Narrativa, Classici"
620,Miguel de Cervantes,Don Chisciotte della Mancia,Rizzoli,1993,9788817169127,"Narrativa, Classici"
623,Walter Scott,Ivanohe,Garzanti,1989,9788811519785,"Romanzo Storico, Narrativa"
624,Walter Scott,Ivanohe,Garzanti,1989,8869265250,"Romanzo Storico, Narrativa"
625,Walter Scott,Ivanhoe,Penguin Books,1986,9788858610503,"Lingue Straniere, Romanzo Storico"
626,Gustave Flaubert,L'education sentimentale,Folio,1965,9782070360661,"Lingue Straniere, Narrativa"
628,Sibilla Aleramo,Una donna,Feltrinelli,1992,8596547478942,"Narrativa, Biografia, Testimonianze"
629,Charles Darwin,L’origine della specie,Einaudi,2009,9788858600566,"Saggistica, Scienze"
636,Italo Svevo,La coscienza di Zeno,Mondadori,1987,9788842430031,"Narrativa, Classici, Biografia, Diari"
637,Alberto Moravia,Gli indifferenti,Bompiani,1995,9788845213601,"Narrativa, Classici"
638,Alberto Moravia,Gli indifferenti,Bompiani,1995,8845259633,"Narrativa, Classici"
639,Hermann Hesse,Demian,Mondadori,1993,8817152161,"Narrativa, Ragazzi, Formazione"
640,Hermann Hesse,Gertrud,Mondadori,1980,8840368337,"Classico, Psicologico, Musicale"
641,Hermann Hesse,Racconti,Mondadori,2001,9788804493037,"Narrativa, Racconti"
642,Hermann Hesse,Sotto la ruota,Mondadori,1999,9783989883987,"Narrativa, Ragazzi, Formazione"
643,Franz Kafka,Il messaggio dell’imperatore,Adelphi,1994,9788845904325,"Narrativa, Racconti"
A1615,Samuel Beckett,Aspettando Godot,Einaudi,1969,9791222307732,"Poesia, Teatro"
644,J. W. Goethe,Favola,Adelphi,1990,9788845907876,"Narrativa, Racconti"
645,Michele Serra,Il nuovo che avanza,Feltrinelli,1997,9788807811739,"Narrativa, Racconti, Attualità"
647,Hermann Hesse,Leggende e fiabe,Mondadori,1999,9788804468691,"Ragazzi, Fiabe, Narrativa, Racconti"
699,Dario Fo,Teatro comico,Garzanti,1962,1020621354,"Poesia, Teatro"
771,Luciano De Maria,Marinetti e il Futurismo,-,-,-,"Saggistica, Storia, Filosofia"
801,Henry James,The portrait of a lady,Oxford University Press,1981,432067684X,"Lingue Straniere, Narrativa"
802,Nathaniel Hawthorne,The Scarlet Letter,Oxford University Press,1990,9780199537808,"Lingue Straniere, Narrativa"
803,Thomas Hardy,Tess of the D'Urbervilles,Oxford University Press,1983,1904633102,"Lingue Straniere, Narrativa"
805,Virginia Woolf,To the Lighthouse,Oxford University Press,1992,9780192805607,"Lingue Straniere, Narrativa"
806,Virginia Woolf,Orlando,Oxford University Press,1992,9780192828333,"Lingue Straniere, Fantasy, Narrativa"
807,Horace Walpole,The Castle of Otranto,Oxford University Press,1982,9781497659766,"Lingue Straniere, Fantasy, Gotico"
808,Mark Twain,The adventures of Tom Sawyer,Oxford University Press,1993,9780192822607,"Lingue Straniere, Ragazzi, Narrativa"
809,Jack London,"The call of the Wild, White fang...",Oxford University Press,1991,9781945186080,"Lingue Straniere, Narrativa"
810,Robert Louis Stevenson,Dr. Jekyll and Mr. Hyde,Oxford University Press,1987,0140431179,"Lingue Straniere, Fantasy, Gotico"
811,Herman Melville,Moby Dick,Oxford University Press,1988,9788898062676,"Lingue Straniere, Narrativa"
812,Jonathan Swift,Gulliver's Travels,Oxford University Press,1986,9780848111830,"Lingue Straniere, Narrativa"
813,Thomas Hardy,Far From the Madding Crowd,Oxford University Press,1993,1905716397,"Lingue Straniere, Narrativa"
814,George Eliot,The mill on the Floss,Oxford University Press,1980,1853260746,"Lingue Straniere, Narrativa"
816,John Bunyan,The Pilgrim's Progress,Oxford University Press,1984,9798708973702,"Lingue Straniere, Narrativa"
817,Emily Brontë,Wuthering Heights,Oxford University Press,1981,9788868161422,"Lingue Straniere, Narrativa"
818,Charlotte Brontë,Jane Eyre,Oxford University Press,1980,9780192815135,"Lingue Straniere, Narrativa"
A1557,Dino Buzzati,Le notti difficili,Mondadori,1973,1014860431,"Narrativa, Racconti, Fantasy, Gotico"
819,Jane Austen,Emma,Oxford University Press,1990,9788836241712,"Lingue Straniere, Narrativa"
820,Jane Austen,Pride and Prejudice,Oxford University Press,1990,1853260002,"Lingue Straniere, Narrativa"
821,Charles Dickens,Christmas Books,Oxford University Press,1985,0753450178,"Lingue Straniere, Narrativa, Ragazzi"
823,Daniel Defoe,Moll Flanders,Oxford University Press,1981,9780192815418,"Lingue Straniere, Narrativa"
824,J. Fenimore Cooper,The last of the Mohicans,Oxford University Press,1983,0140390243,"Lingue Straniere, Romanzo Storico"
825,Joseph Conrad,Lord Jim,Oxford University Press,1983,9788852065156,"Lingue Straniere, Narrativa"
826,Charles Dickens,Great Expectations,Oxford University Press,1994,9781621073512,"Lingue Straniere, Narrativa, Formazione"
827,Charles Dickens,David Copperfield,Oxford University Press,1982,9780192815340,"Lingue Straniere, Narrativa"
828,William Thackeray,Vanity fair,Oxford University Press,1983,9788867971732,"Lingue Straniere, Narrativa, Classico"
829,Geoffrey Chaucer,The Canterbury Tales,Oxford University Press,1983,9781623958237,"Lingue Straniere, Narrativa, Classico"
831,Charles Dickens,The Pickwick Papers,Oxford University Press,1987,9780553902990,"Lingue Straniere, Narrativa, Classico"
838,Sebastiano Vassalli,La chimera,Einaudi,1992,9788858672402,Romanzo Storico
840,Leonardo Sciascia,La strega e il capitano,Bompiani,1995,8879802526,"Saggistica, Storia"
844,Charles Dickens,"Timbra il tuo cartellino, Bristow",Mondadori,1973,-,"Fumetti, Graphic Novel"
A1611,Leonardo Sciascia,Il mare color del vino,Einaudi,1973,9788845972393,"Narrativa, Racconti"
845,Leonardo Sciascia,Il mare color del vino,Einaudi,1973,9788845972393,"Narrativa, Racconti"
846,Howard Post,Gli emarginati,Mondadori,1973,9788869632020,"Fumetti, Graphic Novel"
A1612,Leonardo Sciascia,Il mare color del vino,Einaudi,1973,9788845972393,"Narrativa, Racconti"
847,Charles M. Schulz,Il bambino a una dimensione,Mondadori,1971,-,"Fumetti, Graphic Novel"
848,Charles M. Schulz,E’ domani Charlie Brown,Mondadori,1974,9788893955959,"Fumetti, Graphic Novel"
A1613,Leonardo Sciascia,Il mare color del vino,Einaudi,1973,9788845972393,"Narrativa, Racconti"
849,Elzie Crisler Segar,Fino all’ultimo spinacio,Mondadori,1974,-,"Fumetti, Graphic Novel"
A1614,Leonardo Sciascia,Il mare color del vino,Einaudi,1973,9788845972393,"Narrativa, Racconti"
850,Leonardo Sciascia,Il mare color del vino,Einaudi,1973,9788806376513,"Narrativa, Racconti"
851,Mort Walker,Manuale della recluta,Mondadori,1973,9788821433627,"Fumetti, Graphic Novel"
852,Charles Dickens,Bristow il contestatore integrato,Mondadori,1973,-,"Fumetti, Graphic Novel"
853,Mort Walker,Il mondo è una caserma,Mondadori,1975,8852400222,"Fumetti, Graphic Novel"
855,Dario Fo,Morte accidentale di un anarchico,Einaudi,1974,9788806039692,"Poesia, Teatro"
856,Leonardo Sciascia,Il contesto,Einaudi,1971,8807815230,"Giallo, Thriller"
863,Leonardo Sciascia,Il contesto,Einaudi,1971,9788806323838,"Giallo, Thriller"
1016,Dario Fo,Le commedie di D. Fo,Einaudi,1975,9788806041831,"Poesia, Teatro"
1130,Atti convegno Pisa,Il linguaggio cinematografico,Plan,2002,8892354205,"Saggistica, Cinema"
1445,Quino,Mafalda colpisce ancora,Bompiani,1969,-,"Fumetti, Graphic Novel"
1515,A. Melucco Vaccaro,I Longobardi in Italia,Longanesi,1982,9788858103609,"Saggistica, Storia"
1629,Brunetta,Letteratura e cinema,Zanichelli,1976,9788858122792,"Saggistica, Cinema"
1698,Natalia Ginzburg,Caro Michele,Mondadori,1973,8806133535,"Narrativa, Romanzo"
1699,Ugo Foscolo,Ultime lettere di Jacopo Ortis,Einaudi,1963,-,"Narrativa, Classico"
1833,Rolf-Ulrich,Guida alla musica,Mondadori,1969,-,"Saggistica, Musica"
1851,Jay M. Savage,L’evoluzione,Zanichelli,1967,9788858623718,"Saggistica, Scienze"
2194,AA. VV.,Programmazione neurolinguistica,Astrolabio,1982,180179961X,"Saggistica, Scienze"
2266,AA. VV.,Pragmatica della comunicazione umana,Astrolabio,1971,8863587906,"Saggistica, Scienze"
2587,Antonio Tabucchi,Il filo dell’orizzonte,Feltrinelli,1991,9788862426480,"Narrativa, Romanzo, Giallo"
2599,Eschilo,I Persiani,Feltrinelli,1991,1547171936,"Poesia, Teatro, Classico"
2604,Sofocle,Edipo Re,Feltrinelli,1991,9788892985933,"Poesia, Teatro, Classico"
2675,Carlo Emilio Gadda,Il primo libro delle favole,Mondadori,1990,9788804332411,"Narrativa, Ragazzi"
2720,Luigi Pirandello,I vecchi e i giovani,Garzanti,1993,8817050741,Romanzo Storico
4383,Boris Pasternak,Il dottor Zivago,Loescher,1957,9788807947308,Romanzo Storico
6319,Giovanni Verga,Mastro Don Gesualdo,Mondadori,1960,9791041965632,"Narrativa, Classico"
A120,Lev Tolstoj,Anna Karenina,Einaudi,2014,9788806219321,"Narrativa, Classico"
A1579,Gabriele D'Annunzio,Il piacere,Gulliver,-,9788868651732,"Narrativa, Classico"
A1630,Michele Ferrari,Noi abbiamo futuro,Marcos y Marcos,2014,8871689062,Ragazzi
-,"Ehsani, Casolo",I ragazzi hanno grandi sogni,Feltrinelli,2018,9788807890536,"Ragazzi, Biografia, Memorie"
A1622,Leonardo Sciascia,Todo modo,Einaudi,1974,9788806404766,"Giallo, Thriller"
A1623,Leonardo Sciascia,Todo modo,Einaudi,1974,9076270279,"Giallo, Thriller"
854,Leonardo Sciascia,Il contesto,Einaudi,1971,8807815230,"Giallo, Thriller"
A1620,Leonardo Sciascia,Il contesto,Einaudi,1971,8807815230,"Giallo, Thriller"
A059,Lucia Impelluso,La natura e i suoi simboli,Electa,2004,8837020406,"Saggistica, Arte"
A066,AA. VV.,"Centrifuga: fughe, ritorni...",Sinnos,2016,8876093311,"Ragazzi, Racconti"
A067,Bart Moeyaert,Il club della via Lattea,Sinnos,2011,8876095535,Ragazzi
A068,Zita Dazzi,In equilibrio perfetto,Sinnos,2016,8876093257,Ragazzi
A069,Catherine Forde,A bomba,Sinnos,2011,8876092188,Ragazzi
A070,Christophe Léon,Reato di fuga,Sinnos,2016,9788876093159,Ragazzi
A071,Federico Appel,Pesi massimi,Sinnos,2014,8887676356,"Fumetti, Graphic Novel, Ragazzi"
A072,AA. VV.,Il libro dell’economia,Gribaudo,2015,9788858012642,"Saggistica, Economia"
A073,Aude de Tocqueville,Atlante delle città perdute,Bompiani,2014,8845280675,"Saggistica, Geografia"
A074,Dominique Lanni,Atlante dei paesi sognati,Bompiani,2016,9788845283123,"Saggistica, Geografia"
A075,Umberto Eco,Storia delle terre... leggendari,Bompiani,2014,8830100617,Saggistica
A076,Matthieu Mantanus,Beethoven e la ragazza...,Mondadori,2016,9788852071973,"Ragazzi, Musica"
A077,Luigi Garlando,‘O Maè - Storia di judo e camorra,Piemme,2014,9788858513651,"Ragazzi, Attualità"
A079,Piersandro Pallavicini,La chimica della bellezza,Feltrinelli,2016,9788807032042,"Narrativa, Romanzo"
A080,Debra Ginsberg,Mio figlio Blaze,TEA,2003,8868274116,"Biografia, Memorie"
A081,Antonio Ferrara,Il ragazzo e la tempesta,Rizzoli,2014,9788817073356,Ragazzi
A082,Giuseppe Pontiggia,Nati due volte,Mondadori,2002,9788852057663,"Narrativa, Romanzo"
A083,Giuseppe Pontiggia,Nati due volte,Mondadori,2002,9788804509530,"Narrativa, Romanzo"
A084,Fabrizio Gatti,Viki che voleva andare a scuola,Rizzoli,2010,9788817039987,"Ragazzi, Attualità"
A085,Erika Silvestri,Il commerciante di bottoni,Rizzoli,2010,9788858687444,"Ragazzi, Biografia, Memorie"
A086,Alison Leslie Gold,Mi ricordo Anna Frank,Rizzoli,2011,9788831814065,"Ragazzi, Biografia, Memorie"
A087,Paola Zannoner,Rocco + colomba,De Agostini,2011,8841867981,"Ragazzi, Romanzo Storico"
A088,Xavier Laurent Petit,Be safe,Rizzoli,2011,9788817047715,"Ragazzi, Romanzo Storico"
A089,John Grisham,La prima indagine di Theodore Boone,Mondadori,2012,8804614609,"Ragazzi, Giallo, Thriller"
A090,Stefania Bertola,Solo Flora,Feltrinelli,2016,9788858825006,Ragazzi
A091,Antonio Ferrara,Con una rosa in mano,Feltrinelli,2016,9788858825488,"Ragazzi, Romanzo Storico"
A1624,Sally Gardner,Il pianeta di Standish,Feltrinelli,2013,9788858810323,"Ragazzi, Fantasy"
A092,Sally Gardner,Il pianeta di Standish,Feltrinelli,2013,9788858810323,"Ragazzi, Fantasy"
A093,Claudia de Lillo,"Dire, fare, baciare",Feltrinelli,2015,9788807090639,"Ragazzi, Saggistica"
A094,Boris Pasternak,Il dottor Zivago,Feltrinelli,2012,9788807947308,Romanzo Storico
A095,Alessandro Baricco,Una certa idea di mondo,Feltrinelli,2015,9788807887307,Saggistica
A1592,Federico Moccia,Tre metri sopra il cielo,Feltrinelli,2007,9788807819865,"Ragazzi, Narrativa"
A097,Giuseppe Tomasi di Lampedusa,Il Gattopardo,Feltrinelli,2012,8807013088,"Romanzo Storico, Classico"
A098,Sharon M. Draper,Melody,Feltrinelli,2016,9788858846728,Ragazzi
A099,Alessandro Baricco,Novecento,Feltrinelli,2012,9788807880889,"Poesia, Teatro"
A100,Rebecca Stead,Segreti e bugie,Feltrinelli,2013,9788807910043,"Ragazzi, Giallo, Thriller"
A1000,Italo Svevo,La coscienza di Zeno,Newton Compton,-,9788854117081,"Narrativa, Classico"
A1001,Ignazio Silone,Fontamara,Mondadori,1977,9788804492505,"Romanzo Storico, Classico"
A1001-1,Ignazio Silone,Fontamara,Mondadori,1977,0719006627,"Romanzo Storico, Classico"
A1001-2,Ignazio Silone,Fontamara,Mondadori,1977,9788804001356,"Romanzo Storico, Classico"
A1002,Edgar Allan Poe,Storia di Gordon Pym,Rizzoli,-,9788817168345,"Narrativa, Avventura, Fantasy"
A1003,Ugo Foscolo,Le ultime lettere di Jacopo Ortis,L'Espresso,-,-,"Narrativa, Classico"
A1004,Emily Brontë,Cime tempestose,De Agostini,-,-,"Narrativa, Classico, Fantasy"
A1005,Giovanni Verga,Storia di una capinera,Crescere,-,9791041844128,"Narrativa, Classico"
A1006,Italo Calvino,Marcovaldo,Mondadori,-,9788835727682,"Narrativa, Ragazzi, Racconti"
A1007,Antonio Fogazzaro,Malombra,La Repubblica,-,9788858833186,"Fantasy, Gotico, Classico"
A1007-1,Antonio Fogazzaro,Malombra,La Repubblica,-,9788858833186,"Narrativa, Classici"
A1008,Luigi Capuana,Il marchese di Roccaverdina,De Agostini,-,9791041968091,"Narrativa, Classici"
A1009,Dino Buzzati,Il deserto dei Tartari,Mondadori,-,9788804492475,"Narrativa, Classici"
A101,Enrico Deaglio,La banalità del bene,Feltrinelli,2012,8807070243,"Narrativa, Romanzo Storico, Shoah narrativa"
A1010,Gabriele D'Annunzio,Motti dannunziani,Newton Compton,-,9788879835335,"Saggistica, Filosofia"
A1011,James Joyce,Gente di Dublino,Newton Compton,2010,9788858623916,"Narrativa, Racconti, Classici"
A1012,Terry Brooks,L’ultima magia,Mondadori,-,9788823529786,Fantasy
A1013,Terry Brooks,Il ciclo di Shannara,Mondadori,-,9788804375177,Fantasy
A1014,Terry Brooks,Il labirinto,Mondadori,-,9788833360560,Fantasy
A1015,David Eddings,La grande dea,Sperling & Kupfer,-,8894428818,Fantasy
A1016-a,Miguel de Cervantes,Don Chisciotte della Mancia I,De Agostini,-,9788817014632,"Narrativa, Classici"
A1016-b,Miguel de Cervantes,Don Chisciotte della Mancia II,De Agostini,-,9791041969210,"Narrativa, Classici"
A1017,Philip Pullman,La lama sottile,Salani,1997,9788862563505,Fantasy
A1018,Philip Pullman,Il cannocchiale d’ambra,TEA,2004,8831002945,Fantasy
A1019,Christopher Paolini,Eldest,Rizzoli,2005,9788858602690,Fantasy
A102,Banana Yoshimoto,Kitchen,Feltrinelli,2011,880781868X,"Letteratura Giapponese, Sentimentale"
A1020,J. R. R. Tolkien,Lo Hobbit,Bompiani,2003,9788858757437,"Fantasy, Ragazzi"
A1021,Suzanne Collins,Gregor (la profezia del flagello),Mondadori,-,8804662840,"Fantasy, Ragazzi"
A1022,Arthur Conan Doyle,Uno studio in rosso,Il Sole 24 Ore,-,-,"Giallo, Thriller, Racconti"
A1023,Arthur Conan Doyle,Uno studio in rosso,Mondadori,-,9788818034042,"Giallo, Thriller, Racconti"
A1024,Howard Phillips Lovecraft,La casa stregata,Newton Compton,-,9788854117043,"Fantasy, Horror, Racconti"
A1025,Edgar Allan Poe,Racconti del mistero,Rizzoli,-,9788858675465,"Fantasy, Horror, Gotico, Racconti"
A1026,Judith Kerr,Quando Hitler rubò il coniglio rosa,Rizzoli,-,9788858624661,"Ragazzi, Romanzo Storico, Shoah narrativa"
A1027,Yann Martel,Vita di Pi,Piemme,-,886836798X,"Narrativa, Avventura"
A1027-1,Ugo Frasca,Noi Italiani,Guida,2007,9788868651350,"Saggistica, Attualità, Politica"
A1028,Isaac B. Singer,Nuove storie alla corte di mio padre,Longanesi,-,9788830408547,"Narrativa, Racconti, Romanzo Storico"
A1029,Harper Lee,Il buio oltre la siepe,Feltrinelli,-,9788807880944,"Narrativa, Classici"
A103,Valentina Camerini,Il secondo momento migliore,Feltrinelli,2014,9788858817865,"Romanzo, Sentimentale"
A1030,Paolo Giordano,La solitudine dei numeri primi,Mondadori,-,9788852014062,"Narrativa, Ragazzi, Adolescenza"
A1031,Alessandro Baricco,The game,Einaudi,-,8806235559,"Saggistica, Scienze, Attualità"
A1032,Carlos Ruiz Zafón,L’ombra del vento,Mondadori,2004,9788852098161,"Narrativa, Giallo, Thriller, Gotico"
A1033,Vanessa Diffenbaugh,Il linguaggio segreto dei fiori,Garzanti,2011,881168661X,"Romanzo, Sentimentale, Formazione"
A1034,Siobhan Vivian,La lista,Feltrinelli,-,9788807921968,"Narrativa, Ragazzi, Adolescenza"
A1035,Arthur Schopenhauer,L’arte di ottenere ragione,Adelphi,-,9788845908568,"Saggistica, Filosofia"
A1036,Carlo Rovelli,Sette brevi lezioni di Fisica,Adelphi,2014,9788845929250,"Saggistica, Scienze"
A1037,Sigmund Freud,Il sogno e la sua interpretazione,Newton Compton,2010,9788854141988,"Saggistica, Filosofia, Scienze"
A1038,Paulo Coelho,L’Alchimista,Bompiani,-,8845228673,"Narrativa, Filosofia"
A1039,Gandhi,La voce della verità,Newton Compton,-,1021378615,"Saggistica, Biografia, Testimonianze"
A104,Paul Dowswell,Auslander,Feltrinelli,2016,9781599907741,"Romanzo Storico, Ragazzi, Guerra"
A1040,Giorgio Vasari,Le vite de' più eccellenti pittori...,Newton Compton,1997,1020135344,"Saggistica, Biografia, Storia"
A1041,Franz Kafka,Tutti i racconti,Newton Compton,1993,9788879831932,"Narrativa, Racconti, Classici"
A1042,Edgar Lee Masters,Antologia di Spoon River,Newton Compton,1993,9788858827710,"Poesia, Teatro"
A1043,Edgar Lee Masters,Il nuovo Spoon River,Newton Compton,1995,8854141070,"Poesia, Teatro"
A1044,Luigi Pirandello,Sei personaggi in cerca d’autore,Crescere,-,9788898403066,"Poesia, Teatro"
A1045,Luigi Pirandello,Maschere nude (Vol. 1),Newton Compton,1993,9788879831345,"Poesia, Teatro"
A1046,Rosetta Loy,La parola ebreo,Einaudi,-,9788858417959,"Romanzo Storico, Shoah narrativa, Biografia"
A1047,Roy Lewis,Il più grande uomo scimmia del pleistocene,Adelphi,1992,9788845971709,"Umorismo, Satira, Preistorico"
A1048,Lindsey Davis,In pasto ai leoni,Marco Tropea,-,8855800574,"Giallo, Thriller, Romanzo Storico"
A1049,Ernest Hemingway,Addio alle armi,Corriere della Sera,-,9788804451051,"Romanzo Storico, Guerra, Narrativa, Classici"
A105,Stefano Benni,La compagnia dei Celestini,Feltrinelli,2006,9788807812675,"Narrativa, Ragazzi"
A1050,Valerio Massimo Manfredi,Il mio nome è Nessuno (Il giuramento),Mondadori,2012,8804725931,"Romanzo Storico, Narrativa"
A1051,Ernest Hemingway,Storie della guerra di Spagna,Mondadori,-,9788852020612,"Narrativa, Racconti, Romanzo Storico, Guerra"
A1052,Valerio Massimo Manfredi,Idi di marzo,Mondadori,2008,9788858677100,"Romanzo Storico, Narrativa"
A1053,Valerio Massimo Manfredi,L’armata perduta,Mondadori,2007,9788852010644,"Romanzo Storico, Narrativa"
A1054,Ernest Hemingway,Per chi suona la campana,Mondadori,-,9788852020490,"Romanzo Storico, Guerra, Narrativa"
A1055,E. M. Remarque,Niente di nuovo sul fronte occidentale,Rizzoli,2016,9788854522381,"Romanzo Storico, Guerra, Narrativa, Classici"
A1056,Oriana Fallaci,La rabbia e l’orgoglio,Rizzoli,-,9788858600719,"Saggistica, Attualità"
A1057,Oriana Fallaci,Quel giorno sulla luna,Rizzoli,-,9788817036897,"Saggistica, Attualità, Storia"
A1058,AA. VV.,Grande guerra un racconto in 100 immagini,Stato Maggiore Difesa,2016,9788898185252,"Saggistica, Storia, Guerra"
A1059,"Folman, Polonsky",Anne Frank - Diario (Graphic),Einaudi,2017,9788806233761,"Fumetti, Graphic Novel, Shoah narrativa"
A106,Sarah Crossan,Apple e Rain,Feltrinelli,2016,9788807910234,"Narrativa, Ragazzi, Adolescenza"
A1060,Herman Melville,Moby Dick,Mondadori,2014,9788898062676,"Fumetti, Graphic Novel, Classici"
A1061,Luigi Pirandello,"Uno, nessuno e centomila",Newton Compton,-,9788854117098,"Narrativa, Classici"
A1062,Grazia Deledda,Canne al vento,San Paolo,-,9788821553553,"Narrativa, Classici"
A1063,Stefano Benni,Achille piè veloce,Feltrinelli,-,9788807016404,"Umorismo, Grottesco"
A1064,Oscar Wilde,L’importanza di essere Franco,Rusconi,-,8878990752,"Poesia, Teatro"
A1065,Oscar Wilde,Aforismi,Barbera Editore,-,9788858861899,"Saggistica, Filosofia"
A1066,Siobhan Dowd,La bambina dimenticata dal tempo,Uovonero,-,9788896918127,"Narrativa, Ragazzi, Adolescenza"
A1067,Jane Austen,Tutti i romanzi,Newton Compton,-,1543156452,"Narrativa, Classici"
A1068,Haruki Murakami,Il mestiere dello scrittore,Einaudi,2017,9788806232153,"Saggistica, Biografia"
A1069,Giovanni Verga,Mastro Don Gesualdo,Newton Compton,-,9788854116541,"Narrativa, Classici"
A107,Daniel Pennac,Come un romanzo,Feltrinelli,2011,9788807880568,"Saggistica, Manuali"
A1070,F. Scott Fitzgerald,Il grande Gatsby,Newton Compton,-,9788811018384,"Narrativa, Classici"
A1071,Gabriele D'Annunzio,Il piacere,Newton Compton,-,9788854117036,"Narrativa, Classici"
A1072,Michail Bulgakov,Il maestro e Margherita,Newton Compton,-,9788852045981,"Narrativa, Fantasy, Classici"
A1073,Oriana Fallaci,Intervista Oriana Fallaci,Corriere della Sera,-,9788858673386,"Saggistica, Storia, Attualità"
A1074,Renata Viganò,L’Agnese va a morire,Einaudi,-,9788806222667,"Romanzo Storico, Resistenza, Narrativa"
A1075,Carlo Goldoni,La locandiera,Mondadori,-,9788804508923,"Poesia, Teatro"
A1076,Antonio Skarmeta,Il postino di Neruda,Garzanti,-,8811668301,"Narrativa, Romanzo Storico"
A1077,Annie Franҫois,La lettrice,Guanda,-,9788854198401,"Saggistica, Umorismo, Libri"
A1078,Antonio Tabucchi,Sostiene Pereira,Feltrinelli,-,9788858806227,"Romanzo Storico, Narrativa"
A1079,Charles Dickens,David Copperfield,Crescere,-,9788854140370,"Narrativa, Ragazzi, Formazione, Classici"
A108,Amos Oz,Contro il fanatismo,Feltrinelli,2015,9788858812129,"Saggistica, Filosofia, Attualità"
A1080,Helen Humphreys,Il giardino perduto,Playground,-,8857233359,"Narrativa, Romanzo Storico"
A1081,Marilynne Robinson,Lila,Einaudi,-,9788806219599,"Romanzo, Spirituale, Drammatico"
A1082,Stephen King,Danse Macabre,Frassinelli,-,9788884060945,"Saggistica, Fantasy, Horror"
A1083,Diego Ferra,NUMB Anna,Sperling & Kupfer,-,9788820097257,"Narrativa, Ragazzi, Adolescenza"
A1084,Abir Mukherjee,L'uomo di Calcutta,SEM,-,9788893901024,"Giallo, Thriller, Romanzo Storico"
A1085,Alessandro Baricco,Novecento,Feltrinelli,-,9788858845257,"Poesia, Teatro, Narrativa"
A1086,Renee Engeln,Beauty Mania,HarperCollins,2017,9788858976579,"Saggistica, Scienze, Attualità"
A1087,Laura Calosso,La stoffa delle donne,SEM,-,9788893900102,"Romanzo, Sociale, Moda"
A1088,Charles & Mary Lamb,Tales from Shakespeare,Pearson,-,9788125951483,"Ragazzi, Poesia, Teatro"
A1089,Francisco Brines,La rosa della notte,Edizioni Cadmo,-,9788879230536,"Poesia, Teatro"
A109,"More, Reed, Reed",I segreti di Amber House,Feltrinelli,2016,8807910276,"Narrativa, Fantasy, Horror, Gotico"
A1090,Lev Tolstoj,Anna Karenina,Einaudi,-,9788806219315,"Narrativa, Classici"
A1091,Annie Cohen-Solal,Americani per sempre,Johan & Levi,2012,9788858854648,"Saggistica, Storia"
A1092,Piero Bevilacqua,Il grande saccheggio,Laterza,2011,9788858104590,"Saggistica, Storia, Attualità"
A1093,J. F. Ferrándiz,La terra maledetta,Longanesi,2019,9788830452466,Romanzo Storico
A1094,Wilbur Smith,Il settimo papiro,TEA,-,9788878183185,"Narrativa, Avventura"
A1095,Ted Chiang,Storie della tua vita,Frassinelli,-,8893420023,"Fantasy, Distopico, Racconti"
A1096,Seneca,Apokolokyntosis,Mondadori,1996,8809207106,"Narrativa, Classico, Satira"
A1097,Giovanni Boccaccio,Vita di Dante,Moretti & Vitali,2014,9788858677476,"Biografia, Memorie, Classico"
A1098,Fëdor Dostoevskij,Le notti bianche,Garzanti,-,9788811361254,"Narrativa, Racconti, Classico"
A1099,Katie Khan,Regalami una stella,Newton Compton,-,8822707702,"Narrativa, Romanzo"
A110,Rolf Lappert,Pampa Blues,Feltrinelli,2013,9788858812372,Ragazzi
A1100,Marcel Proust,Alla ricerca del tempo perduto,Mondadori,2011,9788858610268,"Narrativa, Classico"
A1101,Collettivo Senza Slot,Vivere senza Slot,Nuova Dimensione,2013,8889100877,"Saggistica, Attualità"
A11027,Stefano Benni,Margherita Dolcevita,Feltrinelli,2010,8427321740,"Narrativa, Romanzo"
A1103,Emiliano Poddi,Tre volte invano,Instar Libri,2012,8846101669,"Narrativa, Romanzo"
A1104,Andrea Antonello,Baci a tutti,Piemme,2016,9788820092504,"Biografia, Memorie"
A1105,Daniel Pennac,Il paradiso degli orchi,Feltrinelli,1992,9788807880629,"Giallo, Thriller, Narrativa"
A1106,H. M. Enzensberger,Il mago dei numeri,Mondadori,2000,9788858430040,"Ragazzi, Saggistica"
A1107,Bebe Vio,Mi hanno regalato un sogno,Rizzoli,2017,9788817093224,"Biografia, Memorie"
A1108,Blake Nelson,Paranoid park,Rizzoli,2007,9781101077719,Ragazzi
A1109,F. e A. Antonello,Sono graditi visi sorridenti,Feltrinelli,2013,9788807491443,"Biografia, Memorie"
A111,Daniel Pennac,Il paradiso degli orchi,Feltrinelli,2011,9788807880629,"Giallo, Thriller, Narrativa"
A1110,F. H. Burnett,Il giardino segreto,Social Libri,2017,9788851180195,"Ragazzi, Classico"
A1111,Paolo Crepet,Baciami senza rete,Mondadori,2016,9788852075568,"Saggistica, Psicologia"
A1112,Ken Follett,La caduta dei giganti,Mondadori,2011,9788852016844,Romanzo Storico
A1113,David Lindley,La luna di Einstein,TEA,2005,8850200293,"Saggistica, Scienze"
A1114,Enzo Fileno Carabba,Fuga da Magopoli,Marcos y Marcos,2017,8871688031,"Ragazzi, Fantasy"
A1115,Enzo Fileno Carabba,Battaglia a Magopoli,Marcos y Marcos,2017,887168804X,"Ragazzi, Fantasy"
A1116,Kevin Brooks,Naked,Piemme,2011,0813523583,Ragazzi
A1117,Erica Grazioli,Cioccolato e cannella…,Selecta,2016,9788899432096,"Biografia, Memorie"
A1118,Fulvia Degl'Innocenti,La libraia,San Paolo,2014,9788809977211,Ragazzi
A1119,Marie-Aude Murail,https://www.google.com/search?q=Persidivista.com,Giunti,2017,9788809836365,Ragazzi
A112,Javier Ruescas,Tutti i colori di te,Feltrinelli,2016,9788807910227,Ragazzi
A1120,Carlo Greppi,Non restare indietro,Feltrinelli,2015,9788858841143,"Saggistica, Storia"
A1121,Alessandro Barbero,La storia (l’origine dell’umanità),Corriere della Sera,2017,-,"Saggistica, Storia"
A1122,"Salerno, Bernini",La storia di Voghera,Guardamagna,2016,8898832400,"Saggistica, Storia"
A1123,Dominique Lapierre,Più grandi dell’amore,Mondadori,1990,880433326X,"Saggistica, Attualità"
A1124,Lemony Snicket,Un infausto inizio,Salani,2017,9788862564014,"Ragazzi, Fantasy"
A1125,Italo Svevo,Senilità,Bompiani,1985,9788845212390,"Narrativa, Classico"
A1126,J. R. R. Tolkien,Lo Hobbit,Adelphi,2018,9788858757437,"Fantasy, Classico, Ragazzi"
A1128,Fëdor Dostoevskij,Il giocatore,Bompiani,1997,9788818035124,"Narrativa, Classico"
A1129,Ken Follett,I pilastri della terra,Mondadori,1990,9788852022166,Romanzo Storico
A113,Vandana Shiva,Storia dei semi,Feltrinelli,2013,8832275732,"Saggistica, Scienze"
A1130,Jonathan Safran Foer,"Molto forte, incredibilmente vicino",Guanda,-,9788823505957,"Narrativa, Romanzo"
A1131,Carlo Cassola,Il taglio del bosco,Mondadori,-,-,"Narrativa, Racconti"
A1621,Isaac Asimov,Le grandi storie della fantascienza,Newton Compton,-,9788854122344,"Narrativa, Fantasy, Racconti"
A1132,Desy Icardi,L'annusatrice di libri,Fazi Editore,-,9788893255509,"Narrativa, Romanzo"
A1133,Desy Icardi,"Quaderno per ""L'annusatrice di libri""",Fazi Editore,-,-,"Narrativa, Romanzo"
A1134,Suzy Zail,La pianista di Auschwitz,Il Giornale,-,-,"Romanzo Storico, Ragazzi"
A1135,Michela Murgia,Accabadora,Einaudi,-,9788806197804,"Narrativa, Romanzo"
A1136,Roberto Piumini,Uomini con figure,Einaudi,1990,882860025X,"Ragazzi, Biografia, Memorie"
A1137,Tim Bruno,"NEOS, la città sospesa",Salani,-,9788862561913,"Ragazzi, Fantasy"
A1138,Barbara D'Alto,La stanza delle mele,Guida,-,9788858846636,"Narrativa, Romanzo"
A1139,Ann Brashares,La seconda estate,Rizzoli,-,9788820090968,Ragazzi
A114,Shane Peacock,L’occhio del corvo,Feltrinelli,2015,9788807910166,"Ragazzi, Giallo, Thriller"
A1140,Richelle Mead,Midnight Jewel,LSWR,-,9788868955625,"Ragazzi, Fantasy"
A1141,Fred Uhlman,L'amico ritrovato,Feltrinelli,-,9788858847008,"Romanzo Storico, Classico"
A1142-a,"Antonielli, Chittolini",Storia della Lombardia (Vol. 1),Laterza,2001,9788842062189,"Saggistica, Storia"
A1142-b,"Antonielli, Chittolini",Storia della Lombardia (Vol. 2),Laterza,2001,9788842062189,"Saggistica, Storia"
A1142-c,"Antonielli, Chittolini",Storia della Lombardia (Vol. 3),Laterza,2001,9788842062189,"Saggistica, Storia"
A1142-d,"Antonielli, Chittolini",Storia della Lombardia (Vol. 4),Laterza,2001,9788842062189,"Saggistica, Storia"
A1142-e,"Antonielli, Chittolini",Storia della Lombardia (Vol. 5),Laterza,2001,9788842062189,"Saggistica, Storia"
A1143,Daniel Defoe,Robinson Crusoe,Garzanti,-,9788811360349,"Narrativa, Avventura, Classico"
A1144,Elena Ferrante,L’amica geniale,Edizioni e/o,2018,9788866320326,"Narrativa, Romanzo"
A1145,Michael Zadoorian,Beautiful Music,Marcos y Marcos,2018,189008333X,"Narrativa, Romanzo"
A1145-1,"Portinari, Carbone",174517 deportato: Primo Levi,La Meridiana,2019,8861536913,"Fumetti, Graphic Novel, Romanzo Storico"
A1146,"Barilli, De Carli",Il delitto Matteotti,BeccoGiallo,2018,9788858105337,"Fumetti, Graphic Novel, Storia"
A1147,Chiara Gamberale,Le luci nelle case degli altri,Mondadori,2017,9788852017223,"Narrativa, Romanzo"
A1148,Todd Strasser,L’onda,Rizzoli,2018,9788858694046,"Ragazzi, Romanzo Storico"
A1149,Giuseppe Catozzella,E tu splendi,Feltrinelli,2018,9788858831946,"Ragazzi, Narrativa"
A115,Erri De Luca,Il peso della farfalla,Feltrinelli,2016,9788858841358,"Narrativa, Racconti"
A1150,Alessandro D'Avenia,Ciò che inferno non è,Mondadori,2019,9788852057243,"Romanzo Storico, Biografia, Memorie"
A1151,Rossella Postorino,Le assaggiatrici,Feltrinelli,2018,9788807032691,Romanzo Storico
A1152,Giorgio Scianna,Qualcosa ci inventeremo,Einaudi,2014,8806218670,"Ragazzi, Narrativa"
A1153,Giorgio Scianna,Cose più grandi di noi,Einaudi,2019,9788858430842,"Ragazzi, Narrativa"
A1154,Giorgio Scianna,La regola dei pesci,Einaudi,2017,9788806236052,"Ragazzi, Narrativa"
A1155,Paolo Giordano,La solitudine dei numeri primi,Mondadori,2018,9788852014062,"Narrativa, Romanzo"
A1156,Ryszard Kapuściński,Shah-in-shah,Feltrinelli,2017,8807817780,"Saggistica, Storia"
A1157,William Golding,Il signore delle mosche,Mondadori,2018,9782808690096,"Narrativa, Classico, Fantasy"
A1158,Matt Killeen,La bambina di Hitler,Garzanti,2019,9788811608912,"Ragazzi, Romanzo Storico"
A1159,Alessandro D'Avenia,L’arte di essere fragili,Mondadori,2019,9788852077418,"Saggistica, Letteratura"
A116,Corrado Ceschinelli,Cambiamente,Curcu & Genovese,-,9788896737521,Saggistica
A1160,Alessandro D'Avenia,Bianca come il latte rossa come il sangue,Mondadori,2010,9788852012495,"Ragazzi, Narrativa"
A1161,Amélie Nothomb,Acido solforico,Voland,2015,8862434235,"Narrativa, Fantasy"
A1162,"Apuzzo, Carnazzi",Quattro sberle in padella,Stampa Alternativa,2012,8862222416,"Saggistica, Attualità"
A1163,Giacomo Mazzariol,Mio fratello rincorre i dinosauri,Einaudi,2016,8806239066,"Narrativa, Biografia, Memorie"
A1164,Nicola Brunialti,Il paradiso alla fine del mondo,Sperling & Kupfer,2019,9788893428231,Ragazzi
A1165,Lia Levi,Questa sera è già domani,Edizioni e/o,2018,9788866329350,Romanzo Storico
A1166,Niccolò Ammaniti,Io non ho paura,Einaudi,2011,9788806207694,"Narrativa, Romanzo"
A1167,Greta Thunberg,La nostra casa è in fiamme,Mondadori,2019,9788852094033,"Saggistica, Attualità"
A1168,Fond. F. De André,Anche le parole sono nomadi,Chiarelettere,2018,9788832961508,"Poesia, Teatro"
A1169,Zygmunt Bauman,Modernità liquida,Laterza,2019,9788858107287,"Saggistica, Sociologia"
A117,Arthur Conan Doyle,Sherlock Holmes - Tutti i racconti,Einaudi,2015,8806227688,"Giallo, Thriller, Classico"
A1170,"Mentana, Segre",La memoria rende liberi,Rizzoli,2018,9788858676554,"Biografia, Memorie, Storia"
A1171,Luigi Garlando,Per questo mi chiamo Giovanni,Rizzoli,2018,9788817026147,"Ragazzi, Attualità"
A1625,Fabio Geda,Nel mare ci sono i coccodrilli,Baldini+Castoldi,2017,9791254942475,"Narrativa, Biografia, Memorie"
A1173,Anthony De Mello,Messaggio di un’aquila...,Piemme,2015,9788858522226,"Saggistica, Spiritualità"
A1174,Michele Serra,Gli sdraiati,Feltrinelli,2016,9788858859094,"Narrativa, Romanzo"
A1175,Michele Serra,Il nuovo che avanza,Feltrinelli,2013,9788807811739,"Saggistica, Attualità"
A1176,Mates,Veri amici,Mondadori,2016,9788891809384,"Ragazzi, Biografia, Memorie"
A1177,Luigi Pirandello,Sei personaggi in cerca d'autore,Rusconi,-,9788898403066,"Poesia, Teatro"
A1178,K. Kressmann Taylor,Destinatario sconosciuto,Rizzoli,-,9788858654361,Romanzo Storico
A1179,Robert Louis Stevenson,Lo strano caso del Dr. Jekyll...,Epoca,-,9788830530720,"Fantasy, Gotico, Classico"
A118,Joseph Conrad,La linea d’ombra,Einaudi,2015,9788892967106,"Narrativa, Classico"
A1180,Lois Lowry,The Giver,Giunti,2017,9788809765634,"Ragazzi, Fantasy"
A1181,Anonimo,Le mille e una notte Vol. II,Corriere della Sera,-,9783752475906,"Narrativa, Classico"
A1182,Luigi Pirandello,Amori senza amore e altre novelle,Rusconi,-,9788818029522,"Narrativa, Racconti, Classici"
A1183,Jonathan Coe,La banda dei brocchi,Feltrinelli,-,9788807814260,"Narrativa, Ragazzi, Formazione"
A1184,Herman Melville,Moby Dick,Corriere della Sera,-,-,"Narrativa, Classici"
A1185,Ken Follett,I pilastri della terra,Mondadori,-,9788804340328,"Romanzo Storico, Narrativa"
A1186,Honoré de Balzac,Eugénie Grandet,Garzanti,-,9782371131255,"Narrativa, Classici"
A1189,Italo Calvino,Il sentiero dei nidi di ragno,Mondadori,-,365620795X,"Narrativa, Romanzo Storico, Resistenza"
A119,Jane Austen,Orgoglio e pregiudizio,Einaudi,2014,9788806217403,"Narrativa, Classici"
A1190,Oscar Wilde,Il ritratto di Dorian Gray,Acquarelli,-,9788844014901,"Narrativa, Classici"
A1191,Anonimo,Le mille e una notte Vol. I,Corriere della Sera,-,9783752475906,"Narrativa, Racconti, Classici"
A1192,Daniel Pennac,La fata carabina,Feltrinelli,-,9788807947247,"Giallo, Thriller, Narrativa"
A1193,Mario Tobino,Per le antiche scale,Mondadori,1976,9788804098608,"Narrativa, Racconti"
A1626,Ugo Mioni,La coppa del vicerè d'Egitto,San Paolo,1937,8854167401,Romanzo Storico
A1560,Christian Jacq,I misteri di Osiride 1 - L'albero...,Corriere della Sera,2004,8856722186,Romanzo Storico
A1194,Fabio Paglieri,La cura della ragione,Il Mulino,2016,9788815260539,"Saggistica, Filosofia"
A1561,Christian Jacq,I misteri di Osiride 2 - La cospirazione...,Corriere della Sera,2004,9771129085186,Romanzo Storico
A1195,Saulle Panizza,Ragazzi che Costituzione!,Plus,2009,8884926017,"Saggistica, Ragazzi, Formazione"
A1562,Christian Jacq,I misteri di Osiride 3 - Il cammino...,Corriere della Sera,2004,8899937915,Romanzo Storico
A1196,AIE,Saperi e libertà (Maschile/femminile),AIE,2001,8880221469,"Saggistica, Attualità"
A1563,Christian Jacq,I misteri di Osiride 4 - Il grande segreto,Corriere della Sera,2004,9791256220595,Romanzo Storico
A1197,Domenico Quirico,Il tuffo nel pozzo,Vita e Pensiero,2017,9788834331575,"Saggistica, Biografia, Testimonianze, Reportage"
A1198,Saulle Panizza,La Costituzione italiana aggiornata...,Pisa University Press,2018,8833396517,"Saggistica, Manuali, Attualità"
A1199,Giuseppe Verdi,Il Trovatore,Fabbri Editori,1995,9780486279152,"Poesia, Teatro"
A1200,Arnald,Diversamente occupati,Arti Grafiche Fiorin,2009,-,"Fumetti, Graphic Novel"
A1201,AA. VV.,Il Ragazzini Inglese-italiano,Zanichelli,2015,8808252361,"Saggistica, Manuali"
A1202,AA. VV.,Il Ragazzini Inglese-italiano,Zanichelli,2015,8808252361,"Saggistica, Manuali"
A1203,AA. VV.,Lo Zingarelli 2017,Zanichelli,2017,8808501477,"Saggistica, Manuali"
A1204,AA. VV.,Lo Zingarelli 2018,Zanichelli,2018,8808973468,"Saggistica, Manuali"
A1205,Agatha Christie,Sfida a Poirot,Mondadori,1963,-,"Giallo, Thriller"
A1206,Agatha Christie,Miss Marple: Nemesi,Mondadori,1971,8804336277,"Giallo, Thriller"
A1207,Agatha Christie,Gli elefanti hanno buona memoria,Mondadori,1972,9788852041600,"Giallo, Thriller"
A1208,Agatha Christie,Poirot e la salma,Mondadori,1946,9788852015014,"Giallo, Thriller"
A1209,Agatha Christie,Delitto in cielo,Mondadori,1935,9788852014840,"Giallo, Thriller"
A121,Franz Kafka,La metamorfosi,Einaudi,2014,9788806217434,"Narrativa, Classici"
A1210,Agatha Christie,Carte in tavola,Mondadori,1936,1045952036,"Giallo, Thriller"
A1211,Agatha Christie,Polvere negli occhi,Mondadori,1953,-,"Giallo, Thriller"
A1212,Agatha Christie,I primi casi di Poirot,Mondadori,1973,-,"Giallo, Thriller, Racconti"
A1213,Agatha Christie,C'era una volta,Mondadori,1945,-,"Giallo, Thriller, Romanzo Storico"
A1214,Agatha Christie,Poirot non sbaglia,Mondadori,1951,9788804507543,"Giallo, Thriller"
A1215,Agatha Christie,I sette quadranti,Mondadori,1929,9788852064388,"Giallo, Thriller"
A1216,Agatha Christie,Miss Marple al Bertram Hotel,Mondadori,1965,-,"Giallo, Thriller"
A1217,Jean Giono,L'uomo che piantava gli alberi,Salani,1987,9788877820259,"Narrativa, Racconti"
A1218,Enrico Grassani,Anche se voi vi credete assolti,Selecta,2016,9791280185822,"Saggistica, Filosofia, Attualità"
A1219,Edgar Allan Poe,Racconti di fantascienza,Newton Compton,1995,9791220346962,"Fantasy, Racconti, Classici"
A122,Charlotte Brontë,Jane Eyre,Einaudi,2017,9788806217410,"Narrativa, Ragazzi, Formazione, Classici"
A1220,George Orwell,La fattoria degli animali,Mondadori,1995,9788855228329,"Narrativa, Fantasy, Distopico, Classici"
A1221,George Orwell,La fattoria degli animali,Mondadori,1995,9788855228329,"Narrativa, Fantasy, Distopico, Classici"
A1222,Guy de Maupassant,Bel-Ami,Giunti,2011,9788858624982,"Narrativa, Classici"
A1223,Immanuel Kant,Per la pace perpetua,Feltrinelli,1991,8807820234,"Saggistica, Filosofia"
A1224,Andrea Camilleri,Come la penso,Chiarelettere,2016,9788861904729,"Saggistica, Biografia, Testimonianze"
A1225,Kahlil Gibran,Il profeta,Rizzoli,1993,9788862777001,"Poesia, Teatro, Filosofia"
A1226,Daniel Pennac,Come un romanzo,Feltrinelli,1992,9788807812286,"Saggistica, Manuali"
A1227,Denis Guedj,Il teorema del pappagallo,TEA,2003,9788850204793,"Narrativa, Saggistica, Scienze"
A1228,Richard Bach,Il gabbiano Jonathan Livingston,Rizzoli,1970,9788858696132,"Narrativa, Ragazzi, Formazione"
A1229,Umberto Eco,Il nome della rosa,Bompiani,1980,9788834622377,"Giallo, Thriller, Romanzo Storico"
A123,Robert Louis Stevenson,Lo stano caso del Dr. Jekyll...,Einaudi,2015,9788806225644,"Fantasy, Horror, Gotico, Classici"
A1230,"Barbero, Frugoni",Dizionario del Medioevo,Laterza,1994,8842063746,"Saggistica, Storia, Manuali"
A1231,Gabriel García Márquez,Dell'amore e di altri demoni,Mondadori,1998,9788852010736,"Realismo Magico, Storico, Amore"
A1232,Stefano Benni,Comici spaventati guerrieri,Feltrinelli,1986,8807810786,"Umorismo, Giallo, Satira"
A1233,Edmond Rostand,Cirano de Bergerac,Rusconi,2009,9788852088513,"Poesia, Teatro"
A1234,Alessandro Baricco,Oceano mare,Rizzoli,1993,9788846200020,"Romanzo, Filosofico, Surreale"
A1235,Chiara Gamberale,Per 10 minuti,Feltrinelli,2013,9788807030710,"Romanzo, Psicologico, Rinascita"
A1236,Tayari Jones,Un matrimonio americano,Neri Pozza,2018,9788854518223,"Drammatico, Sociale"
A1237,Marco Presta,Accendimi,Einaudi,2017,9788858427101,"Umorismo, Surreale"
A1238,Simone Cristicchi,Abbi cura di me,San Paolo,2019,8564896265,"Biografia, Diari, Testimonianze"
A1239,Federico Moccia,La ragazza di Roma Nord,SEM,2019,9788893902205,"Narrativa, Ragazzi, Adolescenza"
A124,Ludovico Ariosto,Orlando Furioso I,Einaudi,2015,9788806227983,"Poesia, Teatro, Classici"
A1240,Andrzej Sapkowski,Il guardiano degli innocenti,Editrice Nord,2016,9788842920595,Fantasy
A1241,Denis Guedj,Il teorema del pappagallo,TEA,2018,9788830431232,"Narrativa, Saggistica, Scienze"
A1242,Michele Tranquilli,Una buona idea,Feltrinelli,2017,8869660214,"Biografia, Testimonianze, Reportage"
A1243,Jean-Louis Fournier,Dove andiamo papà?,Rizzoli,2009,9788817032339,"Biografia, Diari, Testimonianze"
A1244,Federica Manzon,La nostalgia degli altri,Feltrinelli,2017,9788858828038,"Romanzo, Psicologico"
A1564,Francesco Dimitri,Alice nel paese della Vaporità,TEA,2012,9788862563277,Fantasy
A1245,Fabio Geda,Nel mare ci sono i coccodrilli,Baldini+Castoldi,2017,9791254942475,"Narrativa, Biografia, Testimonianze, Ragazzi"
A1576,John Green,Cercando Alaska,Rizzoli,2006,9788817076340,"Narrativa, Ragazzi, Adolescenza, Formazione"
A1246,Fabio Geda,Nel mare ci sono i coccodrilli,Baldini+Castoldi,2017,9788868520281,"Narrativa, Biografia, Testimonianze, Ragazzi"
A1247,Manuela Santoni,Le sorelle Brontë,BeccoGiallo,2018,9788833140131,"Fumetti, Graphic Novel, Biografia"
A1248,Aldo Cazzullo,A riveder le stelle,Mondadori,2020,9788892984134,"Saggistica, Storia, Classici"
A1249,David Grossman,Qualcuno con cui correre,Mondadori,2019,9788804680215,"Narrativa, Ragazzi, Formazione"
A125,Ludovico Ariosto,Orlando Furioso II,Einaudi,2015,1530987474,"Poesia, Teatro, Classici"
A1250,Elsa Morante,Il mondo salvato dai ragazzini,Einaudi,2020,9788806244675,"Poesia, Teatro, Narrativa"
A1251,Jules Verne,L'isola misteriosa,Marsilio,2020,9788831731041,"Narrativa, Ragazzi, Classici"
A1252,"Vaccarino, Morosinotto",The Game,Mondadori,2018,8806235559,"Narrativa, Ragazzi"
A1253,Edgar Allan Poe,Racconti di investigazione,Morano,1996,8831340107,"Giallo, Thriller, Racconti, Classici"
A1254,Edgar Allan Poe,Le avventure di Gordon Pym,Mondadori,1992,9788858601556,"Narrativa, Fantasy, Horror, Classici"
A1255,Andrea Camilleri,Un filo di fumo,Sellerio,1997,9788838913938,"Romanzo Storico, Narrativa"
A1256,Kaho Nashiki,Un'estate con la Strega dell'Ovest,Feltrinelli,2017,9788858842348,"Narrativa, Ragazzi, Formazione"
A1257-1,Fabio Geda,Nel mare ci sono i coccodrilli,Baldini+Castoldi,2017,9788868520281,"Narrativa, Biografia, Testimonianze, Ragazzi"
A1257-10,Fabio Geda,Nel mare ci sono i coccodrilli,Baldini+Castoldi,2017,9791254942475,"Narrativa, Biografia, Testimonianze, Ragazzi"
A1257-11,Fabio Geda,Nel mare ci sono i coccodrilli,Baldini+Castoldi,2017,9791254942475,"Narrativa, Biografia, Testimonianze, Ragazzi"
A1257-12,Fabio Geda,Nel mare ci sono i coccodrilli,Baldini+Castoldi,2017,9791254942475,"Narrativa, Biografia, Testimonianze, Ragazzi"
A1257-13,Fabrizio Gatti,Bilal,Rizzoli,-,9788834608449,"Saggistica, Attualità"
A1257-14,Fabrizio Gatti,Bilal,Rizzoli,-,9788817025068,"Saggistica, Attualità"
A1257-15,Fabrizio Gatti,Bilal,Rizzoli,-,9788834608449,"Saggistica, Attualità"
A1257-16,Fabrizio Gatti,Bilal,Rizzoli,-,9788817025068,"Saggistica, Attualità"
A1257-17,Fabrizio Gatti,Bilal,Rizzoli,-,9788817025068,"Saggistica, Attualità"
A1257-18,Fabrizio Gatti,Bilal,Rizzoli,-,9788834608449,"Saggistica, Attualità"
A1257-19,Fabrizio Gatti,Bilal,Rizzoli,-,9788834608449,"Saggistica, Attualità"
A1257-2,Fabio Geda,Nel mare ci sono i coccodrilli,Baldini+Castoldi,2017,9791254942475,"Narrativa, Biografia, Memorie, Ragazzi"
A1257-20,Fabrizio Gatti,Bilal,Rizzoli,-,9788834608449,"Saggistica, Attualità"
A1257-21,Fabrizio Gatti,Bilal,Rizzoli,-,9788817025068,"Saggistica, Attualità"
A1257-22,Fabrizio Gatti,Bilal,Rizzoli,-,9788834608449,"Saggistica, Attualità"
A1257-23,Fabrizio Gatti,Bilal,Rizzoli,-,9788834608449,"Saggistica, Attualità"
A1257-24,Fabrizio Gatti,Bilal,Rizzoli,-,9788834608449,"Saggistica, Attualità"
A1257-3,Fabio Geda,Nel mare ci sono i coccodrilli,Baldini+Castoldi,2017,9791254942475,"Narrativa, Biografia, Memorie, Ragazzi"
A1257-4,Fabio Geda,Nel mare ci sono i coccodrilli,Baldini+Castoldi,2017,9791254942475,"Narrativa, Biografia, Memorie, Ragazzi"
A1257-5,Fabio Geda,Nel mare ci sono i coccodrilli,Baldini+Castoldi,2017,9791254942475,"Narrativa, Biografia, Memorie, Ragazzi"
A1257-6,Fabio Geda,Nel mare ci sono i coccodrilli,Baldini+Castoldi,2017,9791254942475,"Narrativa, Biografia, Memorie, Ragazzi"
A1257-7,Fabio Geda,Nel mare ci sono i coccodrilli,Baldini+Castoldi,2017,9791254942475,"Narrativa, Biografia, Memorie, Ragazzi"
A1257-8,Fabio Geda,Nel mare ci sono i coccodrilli,Baldini+Castoldi,2017,9791254942475,"Narrativa, Biografia, Memorie, Ragazzi"
A1257-9,Fabio Geda,Nel mare ci sono i coccodrilli,Baldini+Castoldi,2017,9791254942475,"Narrativa, Biografia, Memorie, Ragazzi"
A1258-1,Fabrizio Gatti,Bilal,Rizzoli,-,9788817025068,"Saggistica, Attualità"
A1258-10,Fabrizio Gatti,Bilal,Rizzoli,-,9788834608449,"Saggistica, Attualità"
A1258-11,Fabrizio Gatti,Bilal,Rizzoli,-,9788817025068,"Saggistica, Attualità"
A1258-12,Giorgio Scianna,La regola dei pesci,Einaudi,2017,9788858425244,"Ragazzi, Narrativa"
A1258-13,Giorgio Scianna,La regola dei pesci,Einaudi,2017,9788806236619,"Ragazzi, Narrativa"
A1258-14,Giorgio Scianna,La regola dei pesci,Einaudi,2017,9788858425244,"Ragazzi, Narrativa"
A1258-15,Giorgio Scianna,La regola dei pesci,Einaudi,2017,9788858425244,"Ragazzi, Narrativa"
A1258-16,Giorgio Scianna,La regola dei pesci,Einaudi,2017,9788806236619,"Ragazzi, Narrativa"
A1258-17,Giorgio Scianna,La regola dei pesci,Einaudi,2017,9788858425244,"Ragazzi, Narrativa"
A1258-18,Giorgio Scianna,La regola dei pesci,Einaudi,2017,9788806236619,"Ragazzi, Narrativa"
A1258-19,Giorgio Scianna,La regola dei pesci,Einaudi,2017,9788858425244,"Ragazzi, Narrativa"
A1258-2,Fabrizio Gatti,Bilal,Rizzoli,-,9788817025068,"Saggistica, Attualità"
A1258-20,Giorgio Scianna,La regola dei pesci,Einaudi,2017,9788858425244,"Ragazzi, Narrativa"
A1258-21,Giorgio Scianna,La regola dei pesci,Einaudi,2017,9788858425244,"Ragazzi, Narrativa"
A1258-22,Giorgio Scianna,La regola dei pesci,Einaudi,2017,9788858425244,"Ragazzi, Narrativa"
A1258-23,Giorgio Scianna,La regola dei pesci,Einaudi,2017,9788858425244,"Ragazzi, Narrativa"
A1258-3,Fabrizio Gatti,Bilal,Rizzoli,-,9788817025068,"Saggistica, Attualità"
A1258-4,Fabrizio Gatti,Bilal,Rizzoli,-,9788817025068,"Saggistica, Attualità"
A1258-5,Fabrizio Gatti,Bilal,Rizzoli,-,9788834608449,"Saggistica, Attualità"
A1258-6,Fabrizio Gatti,Bilal,Rizzoli,-,9788817025068,"Saggistica, Attualità"
A1258-7,Fabrizio Gatti,Bilal,Rizzoli,-,9788834608449,"Saggistica, Attualità"
A1258-8,Fabrizio Gatti,Bilal,Rizzoli,-,9788834608449,"Saggistica, Attualità"
A1258-9,Fabrizio Gatti,Bilal,Rizzoli,-,9788817025068,"Saggistica, Attualità"
A1259-1,Giorgio Scianna,La regola dei pesci,Einaudi,2017,9788858425244,"Ragazzi, Narrativa"
A1259-10,Giorgio Scianna,La regola dei pesci,Einaudi,2017,9788858425244,"Ragazzi, Narrativa"
A1259-11,Giorgio Scianna,La regola dei pesci,Einaudi,2017,9788806236619,"Ragazzi, Narrativa"
A1259-12,Giorgio Scianna,La regola dei pesci,Einaudi,2017,9788858425244,"Ragazzi, Narrativa"
A1259-13,Giorgio Scianna,La regola dei pesci,Einaudi,2017,9788806236619,"Ragazzi, Narrativa"
A1259-14,Giorgio Scianna,La regola dei pesci,Einaudi,2017,9788806236619,"Ragazzi, Narrativa"
A1259-15,Giorgio Scianna,La regola dei pesci,Einaudi,2017,9788806236619,"Ragazzi, Narrativa"
A1259-16,Giorgio Scianna,La regola dei pesci,Einaudi,2017,9788858425244,"Ragazzi, Narrativa"
A1259-17,Giorgio Scianna,La regola dei pesci,Einaudi,2017,9788858425244,"Ragazzi, Narrativa"
A1259-18,Giorgio Scianna,La regola dei pesci,Einaudi,2017,9788858425244,"Ragazzi, Narrativa"
A1259-19,Giorgio Scianna,La regola dei pesci,Einaudi,2017,9788858425244,"Ragazzi, Narrativa"
A1259-2,Giorgio Scianna,La regola dei pesci,Einaudi,2017,9788806236619,"Ragazzi, Narrativa"
A1259-20,Giorgio Scianna,La regola dei pesci,Einaudi,2017,9788806236619,"Ragazzi, Narrativa"
A1259-21,Giorgio Scianna,La regola dei pesci,Einaudi,2017,9788858425244,"Ragazzi, Narrativa"
A1259-22,Giorgio Scianna,La regola dei pesci,Einaudi,2017,9788858425244,"Ragazzi, Narrativa"
A1259-23,Giorgio Scianna,La regola dei pesci,Einaudi,2017,9788806236619,"Ragazzi, Narrativa"
A1259-24,Christoph Hein,Tutto quello che non hai (20 cose...),Einaudi,2019,9791221700411,"Fumetti, Graphic Novel, Attualità"
A1259-25,Takoua Ben Mohamed,Il mio migliore amico è fascista,Rizzoli,2021,9788831804530,"Ragazzi, Fantasy"
A1259-26,Ransom Riggs,"Miss Peregrine, La casa dei ragazzi speciali",Rizzoli,2011,9788858690482,"Romanzo Storico, Avventura"
A1259-27,Valerio Massimo Manfredi,"Aléxandros, il confine del mondo",Mondadori,2002,880445606X,"Ragazzi, Classico, Avventura"
A1259-28,Carlo Collodi,Le avventure di Pinocchio,Liberamente,2019,9788852021886,"Saggistica, Letteratura"
A1259-29,Daniel Pennac,Come un romanzo,Feltrinelli,1993,9788851152857,"Ragazzi, Narrativa"
A1259-3,Giorgio Scianna,La regola dei pesci,Einaudi,2017,9788806236619,"Narrativa, Biografia, Memorie"
A1259-30,Giacomo Mazzariol,Mio fratello rincorre i dinosauri,Einaudi,2016,8806239066,"Saggistica, Reportage, Attualità"
A1259-31,Åsne Seierstad,Il libraio di Kabul,Rizzoli,2002,9788817107108,"Fantascienza, Racconti, Classico"
A1259-32,Ray Bradbury,Cronache marziane,Mondadori,1989,9788852074080,"Giallo, Thriller, Romanzo Storico"
A1259-33,Lindsey Davis,Le miniere dell'imperatore,Il Saggiatore,2010,9788842816361,"Giallo, Thriller"
A1259-34,Andrea Camilleri,La pazienza del ragno,Sellerio,2004,9788838926815,"Ragazzi, Narrativa"
A1259-35,Enrico Galiano,Eppure cadiamo felici,Garzanti,2017,8811602254,"Ragazzi, Narrativa"
A1259-4,Giorgio Scianna,La regola dei pesci,Einaudi,2017,9788858425244,"Ragazzi, Narrativa"
A1259-5,Giorgio Scianna,La regola dei pesci,Einaudi,2017,9788806236619,"Ragazzi, Narrativa"
A1259-6,Giorgio Scianna,La regola dei pesci,Einaudi,2017,9788858425244,"Ragazzi, Narrativa"
A1259-7,Giorgio Scianna,La regola dei pesci,Einaudi,2017,9788858425244,"Ragazzi, Narrativa"
A1259-8,Giorgio Scianna,La regola dei pesci,Einaudi,2017,9788806236619,"Ragazzi, Narrativa"
A1259-9,Giorgio Scianna,La regola dei pesci,Einaudi,2017,9788858425244,"Ragazzi, Classico"
A126,Ferenc Molnar,I ragazzi della via Pàl,Einaudi,2016,9788818035803,"Narrativa, Giallo, Racconti"
A1657,Giancarlo De Cataldo,Un fitto mistero,Contrasto,2017,9788869656828,"Ragazzi, Giallo, Thriller"
A1260,Lemony Snicket,Quando l'hai vista l'ultima volta?,Salani,2013,8867157779,"Ragazzi, Narrativa"
A1261,Aidan Chambers,Quando eravamo in tre,Rizzoli,2019,9788858674864,"Ragazzi, Fantasy"
A1640,Rick Riordan,Percy Jackson e gli dei dell'Olimpo: Le storie segrete,Mondadori,2013,9788804631622,"Narrativa, Romanzo"
A1262,Michela Marzano,Idda,Einaudi,2019,9788806242305,"Giallo, Thriller, Romanzo Storico"
A1633,Carlo A. Martigli,L'apprendista di Michelangelo,Mondadori,2017,9788852079719,"Narrativa, Romanzo"
A1635,Francesco D'Isa,La stanza di Therese,Tunué,2017,886790101X,"Ragazzi, Fantascienza"
A1263,Luigi Ballerini,Il mistero del bosco,Edizioni Lapis,2016,9788878744577,"Ragazzi, Narrativa"
A1264,Jay Asher,Tredici,Mondadori,2019,9788804705307,"Ragazzi, Fantasy"
A1641,Rick Riordan,Percy Jackson racconta gli Dei Greci,Mondadori,2014,9788852059131,"Ragazzi, Narrativa, Rosa"
A1687,Siobhan Vivian,"Noi, gli unici al mondo",Newton Compton,2017,8822702999,"Ragazzi, Giallo, Thriller"
A1265,Lemony Snicket,Chi sarà mai a quest'ora?,Salani,2013,9788867156443,"Ragazzi, Narrativa"
A1636,Gabriele Caruso,Un sogno che fa male,Mondadori,2019,9788804707936,"Ragazzi, Giallo, Thriller"
A1266,Robin Stevens,Omicidi per signorine,Mondadori,2014,9788804659909,"Ragazzi, Narrativa, Rosa"
A1267,Morgane Bicail,Phoneplay,Newton Compton,2017,9788822711670,"Ragazzi, Romanzo Storico"
A1632,Paul Dowswell,L'ultima alba di guerra,Feltrinelli,-,9788858826324,"Ragazzi, Fantascienza, Distopico"
A1629,Veronica Roth,Divergent,De Agostini,2014,9788851135980,"Ragazzi, Fantasy"
A1268,Silvana De Mari,L'ultimo elfo,Salani,-,8838306133,"Narrativa, Fantasy"
A1269,Genki Kawamura,Se i gatti scomparissero dal mondo,Einaudi,2019,9788806240301,"Ragazzi, Romanzo Storico"
A1555,Karl Bruckner,Il gran sole di Hiroshima,Giunti,2011,9788809813007,"Narrativa, Classico, Filosofia"
A127,Voltaire,Candido,Einaudi,2014,9788806217465,"Racconto filosofico umoristico, contro l'ottimismo"
A1270,Tommaso Pincio,Hotel a zero stelle,Laterza,2011,9788858103234,Saggistica
A1684,Geoff Rodkey,I viaggi di Egg: In fuga da Mortaria,Giunti,2012,9788809772650,"Ragazzi, Narrativa"
A1271,Paolo Mieli,Lampi sulla storia,Rizzoli,2018,9788817105262,"Saggistica, Storia"
A1600,Roald Dahl,Il GGG,Salani,2014,8884519349,"Ragazzi, Fantasy"
A1272,Michele Raniero,Extra Unione e la fortezza di Nugari,Il Ciliegio,2014,9788867711109,Fantasy
A1639,Irene Adler,"Sherlock, Lupin e io: Il trio della dama nera",Piemme,2011,9788858513538,"Giallo, Thriller, Ragazzi"
A1273,Orazio Labbate,Suttaterra,Tunué,2017,8867902490,"Fantasy, Gotico, Narrativa"
A1631,Lauren Oliver,Il viaggio di Lili e Po,Piemme,2011,9788868361135,"Ragazzi, Fantasy"
A1644,Gabbie Hanna,Adultolescence,Salani,2018,8893673916,"Poesia, Teatro"
A1274,Chris Colfer,La terra delle storie - L'avvertimento dei Grimm,Rizzoli,2014,9788858680544,"Ragazzi, Fantasy, Fiabe"
A1638,Concita De Gregorio,Chi sono io?,Contrasto,2011,9788869653131,"Saggistica, Biografia, Testimonianze"
A1275,John Flanagan,La terra dei ghiacci - L'apprendista del ranger,Mondadori,2005,8804580410,"Romanzo Storico, Ragazzi, Narrativa"
A1276,Enti Autori,Funzioni e obiettivi,Banca d'Italia,2019,-,"Saggistica, Scienze"
A1643,Roald Dahl,Il grande ascensore di cristallo,Salani,1989,9788877820791,"Ragazzi, Fantasy"
A1645,Filelfo,L'assemblea degli animali,Einaudi,2020,9788806245948,"Narrativa, Fiabe"
A1277,Cornelia Funke,Cuore d'inchiostro,Mondadori,2003,9788852054983,"Ragazzi, Fantasy"
A1278,Barbara Biscotti,Giulio Cesare un tirannicidio imperfetto,Corriere della Sera,2020,8840470344,"Saggistica, Storia"
A1651,Michael Morpurgo,Il ragazzo che non uccise Hitler,Piemme,2015,9788858515945,"Romanzo Storico, Ragazzi, Guerra"
A1558,Stefania Podda,Marie Curie,Corriere della Sera,2020,9791256050581,"Biografia, Testimonianze"
A1279,Geronimo Stilton,Cronache del Regno della fantasia - La porta incantata,Piemme,2015,9788856649719,"Ragazzi, Fantasy"
A1637,Jules Verne,Viaggio al centro della terra,Einaudi,2014,9788883376337,"Narrativa, Ragazzi, Classici"
A128,Rita Franchini Ponti,La luna nel pozzo,Grafiche Ortolan,2009,9791220397766,"Narrativa, Locale"
A1634,Lello Gurrado,Fulmine,Marcos y Marcos,2014,0019719310,"Ragazzi, Formazione"
A1280,Estelle Laure,La notte che ho dipinto il cielo,De Agostini,2015,9788851141386,"Narrativa, Ragazzi, Adolescenza"
A1281,Emiliano Gucci,Con tutto il bene che posso,Giunti,2020,9788809885424,"Romanzo, Famiglia, Adolescenza"
A1670,Carrie Firestone,Prima che te ne vai,Il Castoro,2017,9788832961102,"Narrativa, Ragazzi, Adolescenza"
A1282,D. Di Pietrantonio,L'Arminuta,Einaudi,2017,9788806232108,"Romanzo, Formazione, Famiglia"
A1663,Jérome Colin,Campo di battaglia,Einaudi,2018,9788834607848,"Narrativa, Ragazzi, Adolescenza"
A1688,Katie Khan,Regalami una stella,Newton Compton,2017,8822707702,"Fantascienza, Sentimentale, Distopico"
A1682,"Barbato, Bussola, Pilliu",Bacteria,Star Comics,2021,0801488540,"Fumetti, Graphic Novel, Fantasy, Distopico"
A1284,Tommaso Fusari,Quello che non siamo diventati,Mondadori,2019,9788804707998,"Narrativa, Ragazzi, Formazione"
A1648,"Vernay, Alibert, Lapière",Rose,Tunué,2020,9788858635049,"Fumetti, Graphic Novel"
A1285,Carol Swain,Quello che voleva essere,Tunué,2019,8867903101,"Fumetti, Graphic Novel"
A1285-1,Albert Camus,La peste,Salone del Libro,-,-,"Narrativa, Classici"
A1285-2,Albert Camus,La peste,Salone del Libro,-,9788858775882,"Narrativa, Classici"
A1285-3,Albert Camus,La peste,Salone del Libro,-,9788858775882,"Narrativa, Classici"
A1286,Philippe Nessmann,Missione Marte,Electa,2017,9788851053680,"Saggistica, Scienze, Ragazzi"
A1287,Emanuele Melilli,Maria Stuarda,Corriere della Sera,2020,9781547503858,"Biografia, Testimonianze"
A1288,Federica Meloni,Lucrezia Borgia,Corriere della Sera,2020,9788026615552,"Biografia, Testimonianze"
A1289,Gabriella Seveso,Maria Montessori,Corriere della Sera,2020,9788827225127,"Biografia, Testimonianze"
A129,"Dobrilla, Fuso, Oss",Medicina e scienza,Curcu & Genovese,2013,8868760002,"Saggistica, Scienze"
A1603,Gabriel García Márquez,Notizia di un sequestro,Mondadori,1998,9788804450703,"Saggistica, Biografia, Reportage"
A1290,Stefania Podda,Marie Curie,Corriere della Sera,2020,-,"Biografia, Testimonianze"
A1291,Barbara Biscotti,Cleopatra,Corriere della Sera,2020,9788852019326,"Biografia, Testimonianze"
A1292,Filippo Danovi,Artemisia Gentileschi,Corriere della Sera,2020,9788855295666,"Biografia, Testimonianze"
A1293,Alberto Fabris,Elisabetta I,Corriere della Sera,2020,-,"Biografia, Testimonianze"
A1294,Gian Luca D'Errico,Madame de Pompadour,Corriere della Sera,2020,-,"Biografia, Testimonianze"
A1295,Alessandra Consolaro,Indira Gandhi,Corriere della Sera,2020,0822549638,"Biografia, Testimonianze"
A1296,Emanuele Melilli,Anna Bolena,Corriere della Sera,2020,-,"Biografia, Testimonianze"
A1297,Stefania De Nardis,Caterina II di Russia,Corriere della Sera,2020,8890506172,"Biografia, Testimonianze"
A1298,Loredana Garlati,Elisabetta d'Austria,Corriere della Sera,2020,-,"Biografia, Testimonianze"
A1299,Denis Forasacco,Vittoria,Corriere della Sera,2020,9788868264901,"Biografia, Testimonianze"
A130,Alexandre Dumas,I tre moschettieri,Einaudi,2017,9788806216260,"Narrativa, Romanzo Storico, Classici"
A1602,Gabriel García Márquez,L’autunno del patriarca,Mondadori,2002,9788804508601,"Narrativa, Classici"
A1300,Filippo Danovi,Maria Antonietta,Corriere della Sera,2020,1021432989,"Biografia, Testimonianze"
A1301,Barbara Biscotti,Giovanna D'Arco,Corriere della Sera,2020,8816404809,"Biografia, Testimonianze"
A1302,Luca Mori,Saffo,Corriere della Sera,2020,-,"Biografia, Poesia, Teatro"
A1303,Alberto Fabris,Caterina de' Medici,Corriere della Sera,2020,-,"Biografia, Testimonianze"
A1304,Andrea Dusio,Paolina Bonaparte,Corriere della Sera,2020,8804490632,"Biografia, Testimonianze"
A1305,Adrian Besley,Billie Eilish. La biografia,Salani,2020,9788893677943,"Biografia, Testimonianze"
A1306,Carla Maria Russo,Il cavaliere del giglio,Piemme,2007,9788858504369,"Romanzo Storico, Narrativa"
A1307,Ellis Peters,La vergine nel ghiaccio,TEA,1993,9788878193130,"Giallo, Thriller, Romanzo Storico"
A1308,Ian Herbert,Quiet Genius - Bob Paisley,Bloomsbury Sport,2017,9781472937353,"Lingue Straniere, Biografia"
A1309,Andrew Roberts,Napoleon the Great,Penguin Books,2014,9780141032016,"Lingue Straniere, Biografia"
A131,Edgar Lee Masters,Antologia di Spoon River,Einaudi,2014,9788858827710,"Poesia, Teatro"
A1659,Roberto Saviano,Gomorra,Mondadori,2006,9788804554501,"Saggistica, Attualità, Reportage"
A1310,Disney,Il commissario Topalbano,Giunti,2019,1141568594,"Fumetti, Graphic Novel"
A1311-1,Elsa Morante,L'isola di Arturo,Salone del Libro,2022,8871885503,"Narrativa, Ragazzi, Formazione, Classici"
A1311-10,Elsa Morante,L'isola di Arturo,Salone del Libro,2022,-,"Narrativa, Ragazzi, Formazione, Classici"
A1311-11,Elsa Morante,L'isola di Arturo,Salone del Libro,2022,8871885503,"Narrativa, Ragazzi, Formazione, Classici"
A1311-12,Elsa Morante,L'isola di Arturo,Salone del Libro,2022,8871885503,"Narrativa, Ragazzi, Formazione, Classici"
A1311-13,Elsa Morante,L'isola di Arturo,Salone del Libro,2022,-,"Narrativa, Ragazzi, Formazione, Classici"
A1311-14,Elsa Morante,L'isola di Arturo,Salone del Libro,2022,8871885503,"Narrativa, Ragazzi, Formazione, Classici"
A1311-15,Elsa Morante,L'isola di Arturo,Salone del Libro,2022,8871885503,"Narrativa, Ragazzi, Formazione, Classici"
A1311-16,Elsa Morante,L'isola di Arturo,Salone del Libro,2022,8871885503,"Narrativa, Ragazzi, Formazione, Classici"
A1311-17,Elsa Morante,L'isola di Arturo,Salone del Libro,2022,8871885503,"Narrativa, Ragazzi, Formazione, Classici"
A1311-18,Elsa Morante,L'isola di Arturo,Salone del Libro,2022,-,"Narrativa, Ragazzi, Formazione, Classici"
A1311-19,Elsa Morante,L'isola di Arturo,Salone del Libro,2022,8871885503,"Narrativa, Ragazzi, Formazione, Classici"
A1311-2,Elsa Morante,L'isola di Arturo,Salone del Libro,2022,8871885503,"Narrativa, Ragazzi, Formazione, Classici"
A1311-20,Elsa Morante,L'isola di Arturo,Salone del Libro,2022,8871885503,"Narrativa, Ragazzi, Formazione, Classici"
A1311-21,Elsa Morante,L'isola di Arturo,Salone del Libro,2022,8871885503,"Narrativa, Ragazzi, Formazione, Classici"
A1311-22,Elsa Morante,L'isola di Arturo,Salone del Libro,2022,8871885503,"Narrativa, Ragazzi, Formazione, Classici"
A1311-23,Elsa Morante,L'isola di Arturo,Salone del Libro,2022,8871885503,"Narrativa, Ragazzi, Formazione, Classici"
A1311-24,Elsa Morante,L'isola di Arturo,Salone del Libro,2022,-,"Narrativa, Ragazzi, Formazione, Classici"
A1311-25,Elsa Morante,L'isola di Arturo,Salone del Libro,2022,-,"Narrativa, Ragazzi, Formazione, Classici"
A1311-3,Elsa Morante,L'isola di Arturo,Salone del Libro,2022,8871885503,"Narrativa, Ragazzi, Formazione, Classici"
A1311-4,Elsa Morante,L'isola di Arturo,Salone del Libro,2022,-,"Narrativa, Ragazzi, Formazione, Classici"
A1311-5,Elsa Morante,L'isola di Arturo,Salone del Libro,2022,8871885503,"Narrativa, Ragazzi, Formazione, Classici"
A1311-6,Elsa Morante,L'isola di Arturo,Salone del Libro,2022,8871885503,"Narrativa, Ragazzi, Formazione, Classici"
A1311-7,Elsa Morante,L'isola di Arturo,Salone del Libro,2022,8871885503,"Narrativa, Ragazzi, Formazione, Classici"
A1311-8,Elsa Morante,L'isola di Arturo,Salone del Libro,2022,8871885503,"Narrativa, Ragazzi, Formazione, Classici"
A1311-9,Elsa Morante,L'isola di Arturo,Salone del Libro,2022,8871885503,"Narrativa, Ragazzi, Formazione, Classici"
A1312,Lucinda Riley,La sorella perduta,Giunti,2021,8809964764,"Saga familiare, Romanzo storico, Rosa"
A1313,Gisella Laterza,La Divina Commedia,Corriere della Sera,2022,9788858680902,"Ragazzi, Classici"
A1314,G. Keison Bevilacqua,Troppo facile amarti in vacanza,Bao Publishing,2021,9788832735703,"Fumetti, Graphic Novel"
A1315,Pier Emilio Castoldi,Voghera nebbie mortali,Fratelli Frilli,2016,9788869431289,"Giallo, Thriller"
A1316,Ellis Peters,Il sepolcro oltre le dune,TEA,2001,8878184535,"Giallo, Thriller, Romanzo Storico"
A1317,Paula Hawkins,Dentro l'acqua,Piemme,2017,9788856660142,"Giallo, Thriller"
A1318,Mario Rigoni Stern,Stagioni,Einaudi,2021,9788852026454,"Narrativa, Natura, Guerra"
A1319,"Ceci, Puleo",Possiamo essere tutto,Tunué,2022,8867903888,"Fumetti, Graphic Novel"
A132,Fabio Bonacina,Giovanni Paolo II viaggi di speranza,Vaccari,2006,8885335837,"Saggistica, Religione"
A1573,Gabriel García Márquez,Cent’anni di solitudine,Mondadori,1996,9788804415436,"Narrativa, Romanzo, Classico"
A1320,P. Boccalario,L'isola del tesoro (Stevenson),Corriere della Sera,2022,-,"Ragazzi, Avventura, Classico"
A1321,Sarah Rossi,Racconti di E. A. Poe,Corriere della Sera,2022,9788862774734,"Ragazzi, Giallo, Thriller"
A1322,Roberto Piumini,I Promessi Sposi (Manzoni),Corriere della Sera,2022,-,"Ragazzi, Classico"
A1323,David Grossman,Vedi alla voce: amore,Mondadori,2014,9788852010507,"Narrativa, Romanzo Storico"
A1324,Banana Yoshimoto,Chie-chan e io,Feltrinelli,2010,9788807722189,"Narrativa, Romanzo"
A1325,Joseph Roth,La Cripta dei Cappuccini,Newton Compton,2010,9788858644515,"Romanzo Storico, Classico"
A1326,Siobhan Dowd,Il mistero del London Eye,Uovonero,2011,889691809X,"Ragazzi, Giallo, Thriller"
A1327,Colum McCann,Questo bacio vada al mondo intero,Rizzoli,2017,9788817094016,"Narrativa, Romanzo"
A1328,Albert Einstein,Il significato della relatività...,Newton Compton,2015,8881835851,"Saggistica, Scienze"
A133,Nicolas Barreau,Gli ingredienti segreti dell’amore,Feltrinelli,2012,9788807018589,"Narrativa, Rosa"
A1339,Alicia Giménez Bartlett,Un Natale di pietra,La Repubblica,2020,9788845976414,"Giallo, Thriller, Racconti"
A1647,Luigi Pirandello,"Uno, nessuno e centomila",Einaudi,2014,9791281053311,"Narrativa, Classico"
A134,F. Scott Fitzgerald,Gli ultimi fuochi,Mondadori,1974,8889153547,"Narrativa, Romanzo, Classico"
A1340,Andrea Camilleri,Capodanno,La Repubblica,2020,-,"Giallo, Thriller, Racconti"
A1341,Maurizio De Giovanni,Febbre,La Repubblica,2020,9788823500631,"Giallo, Thriller, Racconti"
A1342,Francesco Recami,Ottobre in giallo a Milano,La Repubblica,2020,-,"Giallo, Thriller, Racconti"
A1343,Marcello Fois,Ti ho fatto male,La Repubblica,2020,9788852010071,"Giallo, Thriller, Racconti"
A1344,Alessandro Robecchi,Il tavolo,La Repubblica,2020,-,"Giallo, Thriller, Racconti"
A1345,Diego De Silva,Patrocinio gratuito,La Repubblica,2020,9788814166402,"Giallo, Thriller, Racconti"
A1346,Esmahan Aykol,Rubacuori a Capodanno,La Repubblica,2020,8857530310,"Giallo, Thriller, Racconti"
A1347,Santo Piazzese,Come fu che cambiai marca di Whisky,La Repubblica,2020,9788838934797,"Giallo, Thriller, Racconti"
A1348,Giampaolo Simi,Il comandante Oberdan,La Repubblica,2020,-,"Giallo, Thriller, Racconti"
A1349,Maurizio De Giovanni,Un giorno di settembre a Natale,La Repubblica,2020,9788838940149,"Giallo, Thriller, Racconti"
A1608,F. Scott Fitzgerald,Il grande Gatzby,Einaudi,2014,9788806217489,"Narrativa, Romanzo, Classico"
A135,Werner Keller,La civiltà etrusca,Euroclub,1979,9788822005687,"Saggistica, Storia"
A1350,Carlo Lucarelli,A girl like you,La Repubblica,2020,9781408802311,"Giallo, Thriller, Racconti"
A1351-1,Antonio Tabucchi,Sostiene Pereira,Salone del Libro,2023,-,"Romanzo Storico, Narrativa"
A1351-10,Antonio Tabucchi,Sostiene Pereira,Salone del Libro,2023,9788858806227,"Romanzo Storico, Narrativa"
A1351-11,Antonio Tabucchi,Sostiene Pereira,Salone del Libro,2023,9788858806227,"Romanzo Storico, Narrativa"
A1351-12,Antonio Tabucchi,Sostiene Pereira,Salone del Libro,2023,9788858806227,"Romanzo Storico, Narrativa"
A1351-13,Antonio Tabucchi,Sostiene Pereira,Salone del Libro,2023,9788807881736,"Romanzo Storico, Narrativa"
A1351-14,Antonio Tabucchi,Sostiene Pereira,Salone del Libro,2023,9788858806227,"Romanzo Storico, Narrativa"
A1351-15,Antonio Tabucchi,Sostiene Pereira,Salone del Libro,2023,9788807881736,"Romanzo Storico, Narrativa"
A1351-16,Antonio Tabucchi,Sostiene Pereira,Salone del Libro,2023,9788807881736,"Romanzo Storico, Narrativa"
A1351-2,Antonio Tabucchi,Sostiene Pereira,Salone del Libro,2023,9788858806227,"Romanzo Storico, Narrativa"
A1351-3,Antonio Tabucchi,Sostiene Pereira,Salone del Libro,2023,9788858806227,"Romanzo Storico, Narrativa"
A1351-4,Antonio Tabucchi,Sostiene Pereira,Salone del Libro,2023,9788858806227,"Romanzo Storico, Narrativa"
A1351-5,Antonio Tabucchi,Sostiene Pereira,Salone del Libro,2023,9788858806227,"Romanzo Storico, Narrativa"
A1351-6,Antonio Tabucchi,Sostiene Pereira,Salone del Libro,2023,9788858806227,"Romanzo Storico, Narrativa"
A1351-7,Antonio Tabucchi,Sostiene Pereira,Salone del Libro,2023,9788858806227,"Romanzo Storico, Narrativa"
A1351-8,Antonio Tabucchi,Sostiene Pereira,Salone del Libro,2023,-,"Romanzo Storico, Narrativa"
A1351-9,Antonio Tabucchi,Sostiene Pereira,Salone del Libro,2023,9788858806227,"Romanzo Storico, Narrativa"
A1352,Alda Merini,L'altra verità,Rizzoli,1997,9791281033146,"Biografia, Memorie"
A1353,Giuseppe Ungaretti,Vita d'un uomo,Mondadori,2009,1191023907,Poesia
A1354,David Grossman,Caduto fuori dal tempo,Mondadori,2011,9788852030659,"Narrativa, Romanzo"
A1355,Cesare Pavese,La luna e i falò,Einaudi,1950,9782390802648,"Narrativa, Classico"
A1356,Alessandro D'Avenia,L'arte di essere fragili,Mondadori,2016,9788852077418,"Saggistica, Letteratura"
A1357,Alessandro D'Avenia,"Bianca come il latte, rossa...",Mondadori,2010,9788852012495,"Ragazzi, Narrativa"
A1358,Alessandro D'Avenia,L'appello,Mondadori,2020,9788804734248,"Ragazzi, Narrativa"
A1359,Cristina Obber,Era solo un selfie,Piemme,2022,8856682087,"Ragazzi, Attualità"
A1359-1,Cristina Obber,Era solo un selfie,Piemme,2022,8856682087,"Ragazzi, Attualità"
A1652,Andrea Castelli,"Scusi, il teatro?",Curcu & Genovese,2010,8896737214,"Biografia, Memorie, Teatro"
A136,Ernest Hemingway,I racconti di Nick Adams,Mondadori,1976,9788804128503,"Narrativa, Racconti, Classico"
A1360,Virginie Grimaldi,Via dei colibrì,Fabbri Editori,2021,9788865976920,"Narrativa, Romanzo"
A1361,Madeline Miller,Circe,Marsilio,2018,9788831784961,"Narrativa, Fantasy, Mitologia"
A1362,Luigi Garlando,"Vai all'inferno, Dante!",Rizzoli,2020,8817144983,"Ragazzi, Narrativa"
A1363,Henning Mankell,L'ultimo segreto del Fuoco,Salani,2013,8867153153,"Ragazzi, Narrativa"
A1364,Arthur Schnitzler,Doppio sogno,La Repubblica,2011,9788817127646,"Narrativa, Classico"
A1365,Derrien & Torregrossa,1984 (Graphic novel),Star Comics,2022,9780358359920,"Fumetti, Graphic Novel, Distopico"
A1366,Giuseppe Pederiali,I ragazzi di Villa Emma,Mondadori,1989,9788842401673,"Ragazzi, Romanzo Storico"
A1367,Edwin A. Abbott,Flatlandia,Rizzoli,2021,9788858829356,"Fantascienza, Classico"
A1368,Michael Zadoorian,Beautiful Music,Marcos y Marcos,2018,189008333X,"Narrativa, Romanzo"
A1369,John Boyne,La sfida,Rizzoli,2009,9788858651605,"Ragazzi, Romanzo"
A1642,Fëdor Dostoevskij,,Einaudi,2014,9788806217472,"Narrativa, Classico"
A137,Dino Buzzati,Il deserto dei tartari,Mondadori,1974,9788852031458,"Narrativa, Classico"
A1370,George Orwell,1984,Rizzoli,2021,8804507454,"Narrativa, Classico, Distopico"
A1689,Philip K. Dick,"Ubik, io sono vivo voi siete morti",Fanucci,1969,9788835710004,"Fantascienza, Classico"
A1686,Elle Cosimano,Stagioni del caos,Rizzoli,2021,9788831808385,"Fantasy, Young Adult"
A1371,AA. VV.,Cuori connessi,Il Borgo Bologna,2022,9791257610210,"Ragazzi, Attualità, Racconti"
A1372,Federico Pace,La più bella estate,Einaudi,2022,9788806251292,"Narrativa, Viaggi"
A1372,"Pif, Marco Lillo","Io posso, due donne sole...",Feltrinelli,2021,9788807492970,"Saggistica, Attualità"
A1373,Seanan McGuire,Una porta per ogni cuore,Mondadori,2022,9788835717072,"Fantasy, Young Adult"
A1658,Rocco Tanica,Non siamo mai stati sulla Terra,Il Saggiatore,2022,9791259810793,"Saggistica, Tecnologia"
A1669,Bianca Pitzorno,La bambina con il falcone,Mondadori,1982,9788842401147,"Ragazzi, Romanzo Storico"
A1374,Robert Louis Stevenson,L'isola del tesoro,Panorama,1991,9791222108766,"Narrativa, Avventura, Classico"
A1661,Molière,Commedie,Mondadori,1960,9788804603384,"Poesia, Teatro, Classico"
A1375,Erin Doom,Fabbricante di lacrime,Salani,2021,9788893679908,"Narrativa, Rosa, Young Adult"
A1376,Pier Paolo Pasolini,Ragazzi di vita,Garzanti,1962,9788811020578,"Narrativa, Classico"
A1671,Dan Brown,Inferno,Mondadori,2013,9788804633800,"Giallo, Thriller"
A1377,Silvio Pellico,Le mie prigioni,SEI,1955,-,"Biografia, Memorie, Classico"
A1690,G. Pietropolli Charmet,L'insostenibile bisogno di ammirazione,Laterza,2018,9788858131373,"Saggistica, Psicologia"
A1685,Boris Pasternak,Il dottor Zivago,Feltrinelli,1958,9788807947308,"Romanzo Storico, Classico"
A1378,Marie-Aude Murail,Niente cravatta (Sauveur & figlio),Giunti,2017,8809909747,"Ragazzi, Psicologia, Famiglia"
A1379,Linda Traversi,La panchina delle cose difficili,Einaudi,2022,8866567337,"Ragazzi, Amicizia, Inclusione"
A1379,Espérance Hakuzwimana,Tutta intera,Einaudi,2022,880625135X,"Narrativa, Romanzo"
A138,"F. Segù, P. Loaldi",Frammenti,UES,2012,8869053849,"Narrativa, Racconti"
A138,Vivian Lamarque,Poesie 1972-2002,Mondadori,2002,8804510536,Poesia
A1380,Sahar Mustafah,La tua bellezza,Marcos y Marcos,2020,8886833393,"Narrativa, Romanzo"
A1381,Giulio Ferroni,Ariosto,Corriere della Sera,2016,-,"Saggistica, Letteratura"
A1382,Nicolai Lilin,La guerra e l'odio,Piemme,2023,9788856686158,"Saggistica, Attualità"
A1383,Valerio Massimo Manfredi,Lo scudo di Talos,Mondadori,1988,9788804473771,"Romanzo Storico, Avventura"
A1384,Robert M. Pirsig,Lo Zen e l'arte della manutenzione...,Adelphi,1981,9788845970160,"Narrativa, Filosofia, Classico"
A1385,Cesare Pavese,La luna e i falò,Einaudi,2020,9782390802648,"Narrativa, Classico"
A1386,Randa Ghazy,Sognando Palestina,Fabbri Editori,2002,9788858605417,"Ragazzi, Attualità"
A1387,Jay Elliot,Steve Jobs. L'uomo che ha inventato...,Hoepli,2015,9788820350659,"Biografia, Memorie"
A1388,J. K. Rowling,Harry Potter e la pietra filosofale,Salani,1997,8893817020,"Ragazzi, Fantasy"
A1389,Rita Levi Montalcini,L'asso nella manica a brandelli,Baldini+Castoldi,1998,9788880894291,"Saggistica, Scienze"
A139,Norman T. Di Giovanni,Novecento,Longanesi,1977,9788858845257,Romanzo Storico
A1683,Licia Troisi,Cronache del mondo emerso,Mondadori,2004,9788852088834,"Ragazzi, Fantasy"
A1390,Umberto Veronesi,Il diritto di morire,Mondadori,2005,9788804548684,"Saggistica, Attualità, Bioetica"
A1391,"Giordana, Fava, Zapelli",I cento passi,Feltrinelli,2014,9788807883983,"Teatro, Cinema, Attualità"
A1392,Paolo Repossi,Il rito del filare,Ediciclo,2023,8865494581,"Saggistica, Natura"
A1393,Jean-Pierre Vernant,C'era una volta Ulisse,Einaudi,2006,8806180630,"Ragazzi, Mitologia, Classico"
A1394,AA. VV.,Parole ostili,Laterza,2018,8858131878,"Ragazzi, Attualità"
A1395,Marco Malvaldi,Oscura e celeste,Giunti,2023,9788809918405,"Giallo, Thriller, Romanzo Storico"
A1396,Andrea Camilleri,Il boccone del povero,La Repubblica,2021,-,"Giallo, Thriller"
A1397,Andrea Camilleri,Il duello è contagioso,La Repubblica,2021,-,"Giallo, Thriller"
A1398,Stephen King,Carrie,Corriere della Sera,1994,9788845245847,"Horror, Thriller"
A1399,Tom Clancy,La grande fuga dell'Ottobre Rosso,Corriere della Sera,1997,8817672750,"Giallo, Thriller"
A1655,Viviana Mazza,Il bambino Nelson Mandela,Mondadori,2014,9788852058332,"Ragazzi, Biografia, Memorie"
A140,G. C. Giacobbe,Come diventare un Buddha...,Ponte alle grazie,2005,9788862207751,"Saggistica, Psicologia, Umorismo"
A1400,Emilio Salgari,Sandokan alla riscossa,Rizzoli,2011,152066799X,"Ragazzi, Avventura, Classico"
A1401,Elena Ferrante,Storia del nuovo cognome,Edizioni E/O,-,9788866320325,"Narrativa, Romanzo"
A1402,Isabel Allende,Paula,Feltrinelli,1994,8807814498,"Narrativa, Biografia, Memorie"
A1403,Andrea Franzoso,Ero un bullo. La vera storia di...,De Agostini,2022,9788851199463,"Ragazzi, Biografia, Attualità"
A1404,William Golding,Il Signore delle Mosche,Mondadori,2017,9782808690096,"Narrativa, Classico, Distopico"
A1405,Martha Grimes,Shakespeare in nero,Mondadori,1984,9788873399438,"Giallo, Thriller"
A1406,Jules Verne,Ventimila leghe sotto i mari,Rizzoli,2016,9788817086618,"Ragazzi, Avventura, Classico"
A1407,Kazuo Ishiguro,Non lasciarmi,Einaudi,2016,9788892890725,"Narrativa, Fantascienza, Distopico"
A1408,"P. Vineis, L. Savarino",La salute del mondo,Feltrinelli,2021,9788858842072,"Saggistica, Attualità, Ecologia"
A1409,Roberto Cingolani,L'altra specie,Il Mulino,2019,8815283641,"Saggistica, Tecnologia"
A141,Nicolas Barreau,Con te fino alla fine del mondo,Feltrinelli,2008,9788821431142,"Narrativa, Rosa"
A141,Victor Hugo,Notre-Dame de Paris,Einaudi,1972,1544662173,"Narrativa, Classico, Romanzo Storico"
A1410,Jean-Paul Sartre,Nausea,Penguin Books,1965,882860185X,"Narrativa, Classico, Filosofia"
A1411,Paolo Occhipinti,D'amore e di guerra,Cairo,2012,9788860524453,"Romanzo Storico, Rosa"
A1412,Andrew Norriss,Da quando ho incontrato Jessica,Il Castoro,2016,9791255331322,"Ragazzi, Narrativa"
A1413,Pietro Grasso,Paolo Borsellino parla ai ragazzi,Feltrinelli,2021,9788858840757,"Ragazzi, Attualità"
A1414,Sebastiano Maffettone,Il quarto shock,Luiss University Press,2020,9788861055741,"Saggistica, Attualità"
A1415,Michele Ainis,Il regno dell'Uroboro,La nave di Teseo,2018,9788893444650,"Saggistica, Sociologia"
A1416,Anna Lavatelli,Erano tutti figli miei,Notes Edizioni,2019,8897007872,"Ragazzi, Romanzo Storico"
A1417,Charles M. Schulz,Tutto Peanuts anni 1950-1951,Hachette,2022,8860730120,"Fumetti, Graphic Novel"
A1418,Oscar Wilde,The importance of being Earnest,Lucarini,1986,0435233033,"Teatro, Classico"
A1419,Jostein Gaarder,Il mondo di Sofia,Euroclub,1997,9788830428539,"Narrativa, Filosofia, Ragazzi"
A1665,Kader Abdolah,La casa della moschea,Iperborea,2011,9788870911663,"Narrativa, Romanzo"
A142,Mark Haddon,Boom!,Einaudi,2009,9788806207878,"Ragazzi, Narrativa"
A1420,George R.R. Martin,Il Trono di Spade - Il grande inverno,Mondadori,2016,9788852044434,"Fantasy, Epico, Avventura "
A1421,Joe Dever,Ombre sulla sabbia (Lupo Solitario),Edizioni EL,2000,8890498080,"Ragazzi, Fantasy, Librogame"
A1422,Marie-Aude Murail,Lupa bianca lupo nero,Giunti,2019,9788809877478,"Ragazzi, Narrativa"
A1423,Claudio Moretti,Storie di grandi campioni,Newton Compton,2019,8858025032,"Ragazzi, Sport, Biografia"
A1424,Mattia Bertoldi,Il coraggio di Lilly,Tre60,2022,9788867027460,"Romanzo Storico, Biografia"
A1425,Fabio Geda,L'estate alla fine del secolo,Baldini+Castoldi,2011,9788866200689,"Narrativa, Romanzo"
A1426,Valerio Massimo Manfredi,Il mio nome è nessuno - Il giuramento,Mondadori,2017,8804725931,"Romanzo Storico, Mitologia"
A1427,Harper Lee,Il buio oltre la siepe,Feltrinelli,2013,9788858837641,"Narrativa, Classico"
A1428,Primo Levi,I sommersi e i salvati,Einaudi,2019,9788828608621,"Saggistica, Memorie, Storia"
A1429,Fred Uhlman,L'amico ritrovato,Feltrinelli,2013,9788858847008,"Romanzo Storico, Classico"
A1673,John Grisham,Il broker,Mondadori,2005,9781291900231,"Giallo, Thriller"
A143,Cinzia Montagna,Chi ha paura di Caterina?,Primula,2016,8898583745,Romanzo Storico
A1430,Cesare Pavese,La casa in collina,Einaudi,2020,9788822753366,"Narrativa, Classico, Romanzo Storico"
A1431,Francesco D'Adamo,Storia di Iqbal,Edizioni EL,2001,8847734703,"Ragazzi, Attualità"
A1432,Voltaire,Candido o l'ottimismo,Feltrinelli,2019,9788892656895,"Narrativa, Classico, Filosofia"
A1433,Giovanni Verga,Storia di una capinera,Rizzoli,2010,9791041844128,"Narrativa, Classico"
A1434,Emilio Lussu,Un anno sull'altopiano,Einaudi,2000,8876910883,"Romanzo Storico, Classico, Memorie"
A1435,Jack London,Il richiamo della foresta,Biancoenero,2017,9788809996137,"Audiolibro, Avventura, Classico"
A1436,Primo Levi,I sommersi e i salvati,Emons,-,9788858420416,"Audiolibro, Saggistica, Storia"
A1437,Jostein Gaarder,Il mondo di Sofia,Longanesi,2009,9788830424524,"Audiolibro, Filosofia, Ragazzi"
A1438,Massimo Gramellini,Fai bei sogni,Salani,2012,9788830433625,"Audiolibro, Narrativa"
A1439,André Aciman,Chiamami col tuo nome,Salani,2007,9788823518315,"Audiolibro, Narrativa, Rosa"
A144,Andrea De Carlo,Giro di vento,Bompiani,2004,9788836102396,"Narrativa, Romanzo"
A144,Edoardo Nesi,Storia della mia gente,Bompiani,2011,9788845267864,"Saggistica, Attualità"
A1440,AA. VV.,Le mille e una notte,Emons,2024,9788854125575,"Audiolibro, Classico"
A1441,Jane Austen,Persuasione,Emons,2022,9788869867254,"Audiolibro, Classico, Rosa"
A1442,Giuseppe Tomasi di Lampedusa,Il Gattopardo,Emons,2022,8807013088,"Audiolibro, Storico, Classico"
A1443,Fëdor Dostoevskij,Delitto e castigo,Emons,2018,9788869863485,"Audiolibro, Classico"
A1444,J. M. Barrie,Peter Pan,Emons,2021,9788858680599,"Audiolibro, Ragazzi, Fantasy"
A1445,Hermann Hesse,Siddharta,Emons,2021,9783989884601,"Audiolibro, Classico, Filosofia"
A1446,F. Scott Fitzgerald,Il grande Gatsby,Emons,2011,9788811018384,"Audiolibro, Classico"
A1447,Bram Stoker,Dracula,Emons,2022,9788728039229,"Audiolibro, Horror, Classico"
A1448,Jane Austen,Orgoglio e pregiudizio,Emons,2009,9788869860163,"Audiolibro, Classico, Rosa"
A1449,Virginia Woolf,Al faro,Emons,2014,8807820129,"Audiolibro, Classico"
A145,Annette Wieviorka,Auschwitz spiegato a mia figlia,Einaudi,1999,8806219138,"Ragazzi, Storia"
A145,Antonio Forcellino,Raffaello. Una vita felice,Laterza,2006,9788842078739,"Saggistica, Arte, Biografia"
A1450,Lev Tolstoj,Anna Karenina,Emons,2021,9788869867590,"Audiolibro, Classico"
A1451,Micol Sarfatti,Margherita Sarfatti,Giulio Perrone,2023,9788860046642,"Biografia, Memorie, Storia"
A1452,Ciro Auriemma,Il vento ci porterà,Piemme,2021,9788856679779,"Narrativa, Rosa"
A1453,Laura Imai Messina,Tokyo tutto l'anno,Einaudi,2020,9788806244217,"Narrativa, Viaggi"
A1454,Mary Renault,Giochi funerari,Mondadori,2023,8804751347,Romanzo Storico
A1455,Sylvia Plath,La campana di vetro,Mondadori,2023,9788804765363,"Narrativa, Classico"
A1456,Tadeusz Borowski,"Da noi, ad Auschwitz",Mondadori,2023,9788804772866,"Romanzo Storico, Memorie"
A1457,Franco Forte,Gengis Khan,Mondadori,2023,9788858101681,Romanzo Storico
A1458,Giovanni Nucci,Il mare color del vino,Salani,2021,9788845972393,"Ragazzi, Mitologia"
A1459,Francesco D'Adamo,La traversata,Il Castoro,2021,9788823525887,"Ragazzi, Attualità"
A1604,Gabriel García Márquez,Memoria delle mie puttane tristi,Mondadori,2005,9788852011481,"Narrativa, Romanzo"
A146,Antonio Tabucchi,Il piccolo naviglio,Feltrinelli,2011,9788807018633,"Narrativa, Romanzo"
A1460,Luigi Rainero Fassati,Mal d'alcol,Salani,2017,9788893813358,"Saggistica, Salute, Attualità"
A1461,Silvia Avallone,Un'amicizia,Rizzoli,2021,9788817142960,"Narrativa, Romanzo"
A1462,Fabrizio Casa,Fragile,Sinnos,2012,9788822797209,"Ragazzi, Sport"
A1463,Bianca Garavelli,Le terzine perdute di Dante,Rizzoli,2015,9788858680179,"Giallo, Thriller, Romanzo Storico"
A1464,Edgar Allan Poe,Eureka. Poema in prosa,Newton Compton,1996,8881833700,"Saggistica, Filosofia"
A1465,Arthur Conan Doyle,Gli aforismi di Sherlock Holmes,Newton Compton,1995,9788854147799,"Miscellanea, Giallo"
A1466,Gina Basso,Il coraggio di parlare,Fabbri Editori,1971,8845171167,"Ragazzi, Attualità"
A1467,Arthur Conan Doyle,Le avventure di Sherlock Holmes,Newton Compton,2008,9798330529520,"Giallo, Thriller, Classico"
A1468,Massimiliano Frassi,I bambini delle fogne di Bucarest,Ferrari,2002,8887489181,"Saggistica, Attualità"
A1469,"Buronson, Hara",Ken il guerriero (Vol. 1),d/books,1983,9788828784739,"Fumetti, Manga"
A147,Andrea De Carlo,Due di due,Mondadori,2001,8893443465,"Narrativa, Romanzo"
A147,Sam Savage,Firmino,Einaudi,2007,9788806200701,"Narrativa, Romanzo"
A1470,Alberto Manzi,Orzowei,Bompiani,1961,8845118827,"Ragazzi, Avventura, Classico"
A1471,Christopher Paolini,Eragon,Fabbri Editori,2003,9788858615119,"Ragazzi, Fantasy"
A1472,Montesquieu,Persian Letters,Penguin Books,1973,8596547161110,"Narrativa, Classico (Inglese)"
A1473,Charles Dickens,A Tale of Two Cities,Penguin Books,1970,9780140430547,"Romanzo Storico, Classico (Inglese)"
A1474,Agatha Christie,Murder on the Links,HarperCollins,1988,9780006162729,"Giallo, Classico (Inglese)"
A1475,Daniele Mencarelli,Sempre tornare,Mondadori,2021,9788835712664,"Narrativa, Formazione"
A1476,Martin Gilbert,La grande storia della Prima guerra... (Vol. 2),Il Giornale,1998,9788852050435,"Saggistica, Storia"
A1477,Luca O'Connor,Harper Evans e la stella dei desideri,Edizioni WE,2021,9791280240453,"Ragazzi, Fantasy"
A1478,Agatha Christie,Poirot Investigates,Bantam Books,1982,9783985940035,"Giallo, Racconti (Inglese)"
A1479,E. M. Forster,A Room with a View,Penguin Books,1987,9780486284675,"Narrativa, Classico (Inglese)"
A148,Alba de Céspedes,Prima e dopo,Mondadori,1955,887989658X,"Narrativa, Classico"
A148,Paul Bowles,Il tè nel deserto,Garzanti,1990,9788858806449,"Narrativa, Romanzo, Classico"
A1480,Luigi Pirandello,Six Characters in Search of an Author,Eyre Methuen,1979,9783749455195,"Teatro, Classico (Inglese)"
A1481,Hermann Hesse,The Journey to the East,Panther,1966,-,"Narrativa, Filosofia (Inglese)"
A1482,AA. VV.,English Verse,Penguin Books,1985,8596547732518,Poesia (Inglese)
A1483,Arthur Conan Doyle,Black Peter - The Red-Headed League,Grafisk Forlag,1980,9124232424,"Giallo, Racconti (Inglese)"
A1484,Agatha Christie,Ten Little Niggers (And Then There Were None),HarperCollins,1979,9785047285368,"Giallo, Classico (Inglese)"
A1485,Oscar Wilde,Il delitto di Lord Arthur Savile,La Spiga,-,9788858851968,"Racconti, Classico"
A1486,Oscar Wilde,Un marito ideale,Newton Compton,1994,9788897140580,"Teatro, Classico"
A1487,Oscar Wilde,Un marito ideale,Newton Compton,1994,9788897140580,"Teatro, Classico"
A1488,George Orwell,1984,Crescere,2024,8804507454,"Narrativa, Distopico, Classico"
A1489,Herman Melville,Le cento pagine più belle,Mondadori,1982,-,"Antologia, Classico"
A149,Gabriele D'Annunzio,L’innocente,Mondadori,1976,9782528014004,"Narrativa, Classico"
A149,Giampaolo Pansa,Ma l’amore no,Sperling & Kupfer,1994,9798321035252,Romanzo Storico
A1490,Vincenzo Cerami,Un borghese piccolo piccolo,Corriere della Sera,2003,9788852042256,"Narrativa, Romanzo, Classico"
A1491,Charles Darwin,L'origine delle specie,Corriere della Sera,2010,9788858600566,"Saggistica, Scienze, Classico"
A1492,Adam Smith,La ricchezza delle nazioni,Corriere della Sera,2010,-,"Saggistica, Economia, Classico"
A1493,Sergio Valzania,Fare la pace - Vincitori e vinti...,Salerno,2011,8884027349,"Saggistica, Storia"
A1494,Raoul Pupo,Trieste '45,Corriere della Sera,2010,8858152034,"Saggistica, Storia"
A1495,A. Giménez-Bartlett,Un vero e proprio viaggio,La Repubblica,2021,9788838938863,"Giallo, Thriller, Racconti"
A1496,Andrea Camilleri,Doppia indagine,La Repubblica,2021,9791280619815,"Giallo, Thriller, Racconti"
A1497,Andrea Camilleri,L'oro a Vigata,La Repubblica,2021,8875113521,"Giallo, Thriller, Racconti"
A1498,Andrea Camilleri,I cacciatori,La Repubblica,2021,9791259735478,"Giallo, Thriller, Racconti"
A1499,Andrea Camilleri,Il palato assoluto,La Repubblica,2021,8899234744,"Giallo, Thriller, Racconti"
A1628,Malorie Blackman,Hacker,Signorelli,2000,8807817454,"Ragazzi, Thriller"
A150,Rosa Montero,Storia del Re Trasparente,Frassinelli,2005,8876849084,"Romanzo Storico, Fantasy"
A1500,Andrea Camilleri,Il morto viaggiatore,La Repubblica,2021,-,"Giallo, Thriller, Racconti"
A1501,Andrea Camilleri,Il terremoto del '38,La Repubblica,2021,-,"Giallo, Thriller, Racconti"
A1502,Andrea Camilleri,La rettitudine fatta persona,La Repubblica,2021,1360406239,"Giallo, Thriller, Racconti"
A1503,"Queen, Dannay",L'avventura della signora barbuta,La Repubblica,2021,8821520579,"Giallo, Thriller, Racconti"
A1504,M. Vázquez Montalbán,La dea nuda,La Repubblica,2021,-,"Giallo, Thriller, Racconti"
A1505,Antonio Manzini,L'eremita,La Repubblica,2021,-,"Giallo, Thriller, Racconti"
A1506,Maurizio De Giovanni,L'omicidio Carosino,La Repubblica,2021,9788858681664,"Giallo, Thriller, Racconti"
A1507,Vincenzo Arte,Crescere senza voti,Mondadori,2023,8804778741,"Saggistica, Pedagogia"
A1508,John Green,Cercando Alaska,Rizzoli,2019,9788817109727,"Ragazzi, Young Adult"
A1509,Kathleen Glasgow,E poi ci sono io,Rizzoli,2018,9788858690833,"Ragazzi, Attualità"
A1653,Andrea Camilleri,Donne,Rizzoli,2016,9788858635124,"Narrativa, Racconti"
A151,Paola Mastrocola,L’anno che non caddero le foglie,Guanda,2016,9788823515956,"Narrativa, Favola"
A1510,Harper Lee,Il buio oltre la siepe,Feltrinelli,-,9788807881558,"Narrativa, Classico"
A1511,Luigi Garlando,Presentami un sogno,HarperCollins,2021,8877514671,"Ragazzi, Sport"
A1512,Irene Vallejo,Il fischio dell'arciere,Bompiani,2023,9788835710691,"Narrativa, Mitologia, Storico"
A1513,Zerocalcare,Kobane Calling,Bao Publishing,2020,9788832734591,"Fumetti, Graphic Novel, Reportage"
A1514,Nicola Brunialti,Un nome che non è il mio,Sperling & Kupfer,2022,9788820072704,"Ragazzi, Storia, Shoah"
A1515,Sara Gambazza,Ci sono mani che odorano di buono,Longanesi,2023,9788830461086,"Narrativa, Romanzo"
A1516,Patrizia Carrano,La bambina che mangiava i comunisti,Vallecchi,2022,9788825203448,"Narrativa, Romanzo"
A1517,Daniele Aristarco,Io dico no! Storie di eroica disobbedienza,Einaudi,2017,9788866563723,"Ragazzi, Storia, Attualità"
A1518,Cosima Buccoliero,Senza sbarre,Einaudi,2022,3033086217,"Saggistica, Attualità, Carcere"
A1519,Minuit,Le ragazze della foresta,Edizioni EL,2021,8847740045,"Ragazzi, Narrativa"
A152,Anton Čechov,La fidanzata e altri racconti,Newton Compton,1995,8881111284,"Racconti, Classico"
A1674,Andrew Lane,Young Sherlock - Trappola velenosa,De Agostini,2012,9788841873793,"Ragazzi, Giallo"
A1520,Marie-Aude Murail,Flipper (Sauveur & figlio 2),Giunti,2016,9788809831513,"Ragazzi, Narrativa"
A1521,AA. VV.,Donne al futuro,Il Mulino,2021,9788815291882,"Saggistica, Attualità"
A1522,Cosima Buccoliero,Senza sbarre,Einaudi,2022,3033086217,"Saggistica, Attualità, Carcere"
A1523,Farhad Bitani,L'ultimo lenzuolo bianco,Neri Pozza,2020,9788854521995,"Saggistica, Biografia, Attualità"
A1524,Niccolò Ammaniti,Io non ho paura,Einaudi,2001,9788806142100,"Narrativa, Romanzo"
A1525,Evelyn Waugh,A Handful of Dust,Penguin Books,-,9780316216289,"Narrativa, Satira (Inglese)"
A1526,David Thomson,England in the Nineteenth Century,Penguin Books,-,1436596661,"Saggistica, Storia (Inglese)"
A1527,Graham Greene,The Honorary Consul,Penguin Books,-,9781409017523,"Narrativa, Romanzo (Inglese)"
A1528,AA. VV.,Le Mille e una notte (Vol. 1-2),Corriere della Sera,-,-,"Classico, Favola"
A1529,"Mentana, Segre",La memoria rende liberi,Rizzoli,2015,9788858676554,"Saggistica, Memorie, Shoah"
A1679,Seneca,La vera gioia,Newton Compton,1995,9788881832101,"Filosofia, Classico"
A153,Marco Malvaldi,L’infinito tra parentesi,Rizzoli,2016,9788858683569,"Saggistica, Scienza"
A1530,Luis Sepúlveda,Il vecchio che leggeva romanzi d'amore,Guanda,1989,888246752X,"Narrativa, Romanzo"
A1531,Luis Sepúlveda,Storia di una gabbianella...,Salani,1998,9782808690546,"Ragazzi, Favola"
A1532,Chuck Palahniuk,Invisible Monsters,Mondadori,2012,9788804616238,"Narrativa, Romanzo"
A1533,Alberto Moravia,Gli indifferenti,Bompiani,1962,8845259633,"Narrativa, Classico"
A1534,Oscar Wilde,Detti e aforismi,Rizzoli,1999,9788858652596,"Miscellanea, Aforismi"
A1535,Kahlil Gibran,Il profeta,Feltrinelli,2010,9788807881954,"Poesia, Spiritualità, Classico"
A1536,Bianca Pitzorno,La bambina col falcone,Salani,1992,9788862564052,"Ragazzi, Romanzo Storico"
A1537,Dino Buzzati,La famosa invasione degli orsi di Sicilia,Mondadori,1992,9788824700879,"Ragazzi, Classico, Favola"
A1538,Robert Harris,Pompei,Mondadori,2003,9788835378662,"Romanzo Storico, Thriller"
A1539,Andrea Camilleri,La mossa del cavallo,Rizzoli,1999,9788817061738,"Romanzo Storico, Giallo"
A154,Luigi Pirandello,Donna Mimma,Newton Compton,1995,1520788533,"Racconti, Classico"
A1599,"Tiffany, Thorne",Harry Potter e la maledizione dell'erede,Salani,2016,9788869187490,"Teatro, Fantasy"
A1540,Robert Ludlum,Il Patto,Club degli Editori,1979,9788861901216,"Thriller, Spionaggio"
A1541,Jules Verne,I guai di un cinese in Cina,San Paolo,-,9788821516244,"Avventura, Classico"
A1542,Alexandre Dumas,Il conte di Montecristo,Malipiero Editore,-,9788868651602,"Avventura, Classico, Storico"
A1543,Charles Dickens,Oliver Twist,Aurora Editore,-,9788899941949,"Narrativa, Classico"
A1544,Arthur Conan Doyle,Il mastino di Baskerville,Mondadori,-,9788817153508,"Giallo, Classico"
A1545,F. Scott Fitzgerald,Il grande Gatsby,Mondadori,-,9788811018384,"Narrativa, Classico"
A1546,William Golding,Il Signore delle Mosche,Mondadori,-,9788804675718,"Narrativa, Classico, Distopico"
A1547,Giovanni Falcone,Cose di Cosa Nostra,Fabbri Editori,-,9788845133663,"Saggistica, True crime, Attualità"
A1548,Jack London,Il richiamo della foresta,Mondadori,-,9788804480556,"Avventura, Classico"
A1549,S. Sebag Montefiore,I discorsi che hanno cambiato il mondo,Edizioni White Star,-,9788854018242,"Saggistica, Storia"
A155,Natalia Ginzburg,Lessico famigliare,Mondadori,1974,9788806203054,"Narrativa, Classico, Memorie"
A155,Andrea Vitali,La modista,Garzanti,2008,9788811130635,"Narrativa, Romanzo"
A1550,Louisa May Alcott,Piccole donne,Bompiani,-,9788841899397,"Ragazzi, Classico, Formazione"
A1551,Louisa May Alcott,Piccole donne crescono,Aurora Editore,-,9788851125493,"Ragazzi, Classico, Sentimentale"
A1552,Louisa May Alcott,I ragazzi di Jo,Fratelli Melita Editori,-,8847735297,"Ragazzi, Classico, Formazione"
A1662,Giovanni Verga,Dal tuo al mio,Newton Compton,1995,8868574217,"Narrativa, Classico"
A156,Silvia Avallone,Acciaio,Rizzoli,2010,9788867181162,"Narrativa, Romanzo, Attualità"
A157,Alberto Bertuzzi,La costituzione comoda,Rizzoli,1981,9788858044865,"Saggistica, Politica"
A1680,Markus Zusak,Storia di una ladra di libri,Sperling & Kupfer,2015,9788820094133,"Romanzo Storico, Ragazzi"
A1678,Sandra Frattini,Le orchidee del Monte Vallassa,Guardamagna,2016,9788895193557,"Saggistica, Natura, Botanica"
A158,John Grisham,Theodore Boone - La ragazza...,Mondadori,2011,8804626194,"Ragazzi, Giallo"
A159,Nick Hornby,Alta fedeltà,Guanda,1995,9788860882592,"Narrativa, Romanzo"
A1598,Guido Sgardoli,O sei dentro o sei fuori,Edizioni EL,2010,9781613728840,"Ragazzi, Narrativa"
A160,Isabel Allende,La casa degli spiriti,Feltrinelli,1987,880781000X,"Narrativa, Realismo Magico, Classico"
A1650,Francesca Longo,Come ti sequestro la prof,Edizioni EL,2010,8847723183,"Ragazzi, Umorismo"
A1649,Christian Jacq,Il romanzo di Ramses,Mondadori,1997,9788804433720,"Romanzo Storico, Avventura"
A161,Christian Jacq,Il romanzo di Ramses,Mondadori,1997,9788804433767,"Romanzo Storico, Avventura"
A1646,Jostein Gaarder,Il mondo di Anna,Longanesi,2013,9788830436152,"Ragazzi, Narrativa, Ecologia"
A162,Giorgio Amendola,Una scelta di vita,Rizzoli,1976,9788846494115,"Saggistica, Biografia, Politica"
A1591,Federico Moccia,Tre metri sopra il cielo,Mondadori,2005,9788804545804,"Narrativa, Rosa, Young Adult"
A163,Patricia Cornwell,Oggetti di reato,Mondadori,1992,9788852027789,"Giallo, Thriller"
A163,Paola Zannoner,Sopra l’acqua sotto il cielo,Mondadori,2007,9788852051197,"Ragazzi, Narrativa"
A1681,Luigi Pirandello,Amori senza amore,Newton Compton,1995,8804403225,"Racconti, Classico"
A164,"Ossorio, Zoungrana",Se entri nel cerchio sei libero,Mondadori,2010,9788804598466,"Ragazzi, Formazione"
A165,Apuleio,La favola di Amore e Psiche,Newton Compton,1995,8882657213,"Classico, Mitologia"
A165,Marie-Aude Murail,Cécile. Il futuro è per tutti,Giunti,2010,9788809772755,"Ragazzi, Narrativa"
A166,Luigi Pirandello,Un matrimonio ideale...,Newton Compton,1995,8818028448,"Racconti, Classico"
A166M,Angela Nanetti,Morte a Garibaldi,Giunti,2011,8809767586,"Ragazzi, Romanzo Storico"
A1656,Italo Svevo,Il mio ozio e altri racconti,Newton Compton,1995,8818025864,"Racconti, Classico"
A167,Fernando Corbalan,La sezione aurea,RBA,2011,9788447377039,"Saggistica, Matematica"
A1660,Platone,Simposio,Rizzoli,2016,9788851142971,"Filosofia, Classico"
A168,Timothy Lewis,Solo una volta nella vita,Giunti,2013,9788885692145,"Narrativa, Romanzo"
A1668,Daphne du Maurier,A Venezia... un dicembre rosso,Rizzoli,1980,9788831734042,"Racconti, Thriller, Classico"
A169,Paul Bakolo Ngoi,Colpo di testa,Rizzoli,2010,888212939X,"Ragazzi, Sport"
A170,Doriana Martini,Prigionieri di noi stessi,Graus Editore,2015,8882341755,"Saggistica, Psicologia"
A1654,Paulo Coelho,Lo Zahir,Corriere della Sera,2005,9788893443531,"Narrativa, Romanzo"
A171,Edmond Rostand,Cirano di Bergerac,Newton Compton,1993,9788852088513,"Teatro, Classico"
A171,Susanna Tamaro,Ascolta la mia voce,Corriere della Sera,2006,9788858612903,"Narrativa, Romanzo"
A172,Aleksandr Solženicyn,Una giornata di Ivàn Denìsovič,Newton Compton,1993,9788858426241,"Romanzo Storico, Classico"
A1667,Giorgio Faletti,Fuori da un evidente destino,Baldini+Castoldi,2006,9788860730121,"Giallo, Thriller"
A173,Torey L. Hayden,La foresta dei girasoli,TEA,2011,9788850225132,"Narrativa, Drammatico"
A1666,Giorgio Faletti,Niente di vero tranne gli occhi,Baldini+Castoldi,2004,9788834606612,"Giallo, Thriller"
A174,AA. VV.,Incontri nell’aula 18,Libreria Ticinum Editore,2016,9788890479366,"Narrativa, Racconti"
A174,Jenny Lawson,Facciamo finta di niente,Sperling & Kupfer,2016,9788820095444,"Saggistica, Umorismo, Memorie"
A175,Giorgio Amendola,Un’isola,Rizzoli,1982,9788817123181,"Saggistica, Biografia, Politica"
A175,G. C. Giacobbe,Come smettere di farsi le seghe...,Ponte alle grazie,2003,9788879286466,"Saggistica, Psicologia, Umorismo"
A1617,Dario Sabbatucci,"Tarquinia, la pittura etrusca",De Agostini,-,8841553022,"Saggistica, Arte, Storia"
A176,Roberto Perrone,Banana football Club,Rizzoli,2012,8845111687,"Narrativa, Sport"
A177,Jerry Spinelli,Per sempre Stargirl,Mondadori,2012,9788804620075,"Ragazzi, Narrativa"
A1619,Karen Blixen,La mia Africa,Feltrinelli,1992,9788858827161,"Narrativa, Memorie, Classico"
A1597,John N. Wilford,L’enigma dei dinosauri,Mondadori,1994,9788804391626,"Saggistica, Paleontologia"
A178,Giuseppe Culicchia,Un’estate al mare,Garzanti,2007,9788835718819,"Narrativa, Romanzo"
A1691,Steven Weinberg,I primi tre minuti,Mondadori,1994,8804177527,"Saggistica, Scienza"
A179,Nicholas Sparks,Le parole che non ti ho detto,Frassinelli,1998,9788860615794,"Narrativa, Rosa"
A180,Sinesio,Elogio della calvizie,Newton Compton,1995,8877683236,"Saggistica, Filosofia, Classico"
A1590,Federico Moccia,Ho voglia di te,Feltrinelli,2006,8022264753555,"Narrativa, Rosa, Young Adult"
A1593,Jack London,Zanna Bianca,Bompiani,1980,9788834736531,"Ragazzi, Avventura, Classico"
A1588,Jack London,Zanna Bianca,Giunti,2004,9788834736531,"Ragazzi, Avventura, Classico"
A1589,Jack London,Zanna Bianca,Giunti,2004,9788834736531,"Ragazzi, Avventura, Classico"
A181,Nicholas Sparks,Quando ho aperto gli occhi,Frassinelli,2003,9788876847591,"Narrativa, Rosa"
A1606,Gerhard Konzelmann,Maometto,Bompiani,1991,8886639260,"Saggistica, Biografia, Religione"
A182,Paolo Mosca,Il nuovo senso della vita,Sperling & Kupfer,2003,9788827231760,"Saggistica, Spiritualità"
A1607,Enzo Biagi,Lettera d’amore a una ragazza di una volta,Rizzoli,2003,9788852071812,"Saggistica, Memorie"
A183,Andrew Lane,Young Sherlock Holmes,De Agostini,2014,9788851139636,"Ragazzi, Giallo"
A184,Albert Einstein,Lo spazio è una questione di tempo,RBA,2014,9788858682760,"Saggistica, Fisica"
A1587,Haruki Murakami,Norwegian Wood,Einaudi,1987,9788806216467,"Narrativa, Romanzo"
A1596,John le Carré,Il canto della missione,Mondadori,2006,9788852066542,"Giallo, Thriller, Spionaggio"
A185,Enti Autori,Italiane Vol III - dizionario biografico,-,2004,-,"Saggistica, Biografia"
A1595,Ellis Peters,Un cadavere di troppo,TEA,1990,9788850257287,"Giallo, Storico"
A186,Charles Dickens,Le campane,Newton Compton,1993,9788879830577,"Narrativa, Classico"
A1610,Luigi Pirandello,Sei personaggi in cerca d’autore,Newton Compton,1993,9788898403066,"Teatro, Classico"
A187,Vamba,Il giornalino di Gian Burrasca,De Agostini,2009,9788854128484,"Ragazzi, Classico, Umorismo"
A1605,Gabriel García Márquez,Cronaca di una morte annunciata,Mondadori,1981,9788804213193,"Narrativa, Classico"
A188,Victor Hugo,L’ultimo giorno di un condannato...,Newton Compton,1993,9788868161460,"Narrativa, Classico"
A1594,Robert Louis Stevenson,Lo strano caso del Dr. Jekyll e Mr. Hyde,Newton Compton,1992,9788868651985,"Narrativa, Classico, Horror"
A189,Conor Grennan,Sette fiori di senape,Piemme,2011,9788856611885,"Narrativa, Memorie, Viaggi"
A190,Antonio Forcellino,1545,Laterza,2008,110498637X,"Saggistica, Storia, Arte"
A190,Charles Dickens,Le avventure di Oliver Twist,Mondadori,2015,9788899941949,"Narrativa, Classico"
A191,Giuseppe Sicheri,Vino è salute,Saviolo Edizioni,2008,8854826022,"Saggistica, Enogastronomia"
A1618,Margherita Oggero,Amen,Effatà,2014,9788874029419,"Saggistica, Religione"
A192,Luca Nascimbene,Il ragazzo che cantava poesie d’amore,Youcanprint,2017,9788852067822,"Poesia, Amore"
A192,Giancarlo Galli,Gli Agnelli,Mondadori,1997,9788882620998,"Saggistica, Biografia, Economia"
A1672,Ken Follett,L’uomo di Pietroburgo,Mondadori,1982,9788804245637,"Giallo, Thriller, Storico"
A1601,Giorgio Rochat,Le guerre italiane 1935- 1943,Einaudi,2005,8806270826,"Saggistica, Storia, Militaria"
A193,Gian Luca Favetto,Un’eterna solitudine,Effatà,2012,9788807104657,"Saggistica, Spiritualità"
A1676,Ken Follett,Il terzo gemello,Mondadori,1997,9788852013720,"Giallo, Thriller"
A194,Elena Loewenthal,Un’annunciazione,Effatà,2014,9788874029167,"Saggistica, Religione"
A195,Don Antonio Mazzi,Pinocchio e i suoi fratelli,Piemme,1995,8838419973,"Saggistica, Attualità"
A1616,Mario Dal Bello,Caravaggio,Effatà,2007,9788891216182,"Saggistica, Arte"
A196,Sigmund Freud,L’interpretazione dei sogni,Rusconi,2016,9788833971650,"Saggistica, Psicologia, Classico"
A1585,Silvana De Mari,Giuseppe figlio di Giacobbe,Effatà,2014,9788874029297,"Ragazzi, Religione"
A197,Amy Hempel,Ragioni di vivere,Serra e Riva Editori,1986,9788877980075,"Narrativa, Racconti"
A1675,Alessandro Gisotti,11 settembre. Una storia che continua,Effatà,2011,9788874027170,"Saggistica, Storia, Attualità"
A1584,Federico Moccia,Tre metri sopra il cielo,Feltrinelli,2005,9788807840395,"Narrativa, Rosa, Young Adult"
A198,Stephen King,Misery,Sperling & Kupfer,2015,9788490326169,"Horror, Thriller"
A1583,Friedrich Nietzsche,Così parlò Zarathustra,Mondadori,2016,9788804672197,"Filosofia, Classico"
A199,Isabel Allende,Le avventure di aquila e giaguaro,Feltrinelli,2004,9788858857861,"Ragazzi, Avventura"
A1575,Michael J. Gelb,Il segreto da Vinci,Il Saggiatore,2004,8842812609,"Saggistica, Arte, Self-help"
A200,Oscar Wilde,Il ritratto di Dorian Gray,Feltrinelli,2016,8807820110,"Narrativa, Classico"
A1577,Robert S. Elegant,Manciù,Bompiani,1987,8845210081,"Romanzo Storico, Avventura"
A201,Paulo Coelho,Sulla sponda del fiume Pietra...,Mondadori,1996,9788852021572,"Narrativa, Romanzo"
A202,Patrick Dennis,Intorno al mondo con zia Mame,Adelphi,2011,9788845984549,"Narrativa, Umorismo"
A203,J. W. Goethe,Le affinità elettive,Mondadori,2017,9788858818640,"Narrativa, Classico"
A1677,Marie Cardinal,Le parole per dirlo,Bompiani,1981,9788845207860,"Narrativa, Psicologico"
A1578,Miguel de Cervantes,Don Chisciotte della Mancia,Mondadori,2017,9788804642749,"Narrativa, Classico"
A1582,"Gramellini, Gamberale",Avrò cura di te,Longanesi,2012,9788830436688,"Narrativa, Romanzo"
A204,Adam Blade,Beast Quest - Ferno il signore...,Salani,2015,9788869180880,"Ragazzi, Fantasy"
A1581,Gordon L. Rottman,Eserciti della guerra del golfo 1990-91,Edizioni del Prado,1998,887605619X,"Saggistica, Storia, Militaria"
A205,Andrea Vitali,La mamma del sole,Garzanti,2010,9788811130536,"Narrativa, Romanzo"
A206,David Bellemère,Le quindici gioie del matrimonio,Newton Compton,1994,9788879833745,"Saggistica, Satira, Classico"
A1580,Massimo Gramellini,Fai bei sogni,Longanesi,2013,9788830433625,"Narrativa, Autobiografico"
A1570,Bram Stoker,Dracula,Einaudi,2016,9788728039229,"Horror, Classico"
A207,Wilbur Smith,Monsone,Longanesi,1999,9788830416970,"Avventura, Romanzo Storico"
A1574,Luca Reteuna,Sorella Acqua,Effatà,2012,8883870255,"Saggistica, Ecologia"
A208,E.J. Michael,Regina del sole,Sonzogno,1996,8804458607,Romanzo Storico
A1571,Gabriel García Márquez,Cent’anni di solitudine,Mondadori,1987,8807830094,"Narrativa, Classico, Realismo Magico"
A1572,Gabriel García Márquez,Cent’anni di solitudine,Feltrinelli,1987,-,"Narrativa, Classico, Realismo Magico"
A209,Ken Follett,Un luogo chiamato libertà,Mondadori,1995,9788804406283,Romanzo Storico
A1569,Stephen Badsey / David G. Chandler,Normandia 1944,Edizioni del Prado,1998,8478389776,"Saggistica, Storia, Militaria"
A210,Carlo Cassola,L’antagonista,Rizzoli,1976,9788817110037,"Narrativa, Romanzo"
A211,Giacobbe Fragomeni,All’ultimo round. La mia storia,Limina,2013,8860411637,"Biografia, Sport"
A1568,Elizabeth Bowen,The House in Paris,Penguin Books,1976,9781984899972,"Narrativa, Romanzo (Inglese)"
A1567,Stefano Zecchi,Amata per caso,Mondadori,2004,9771123835008,"Narrativa, Romanzo"
A212,Albert Einstein,Come io vedo il mondo,Newton Compton,1993,9788879833073,"Saggistica, Fisica, Filosofia"
A1565,Mika Waltari,Turms l’Etrusco,Mondadori,1985,8876159541,Romanzo Storico
A213,Paolo D’Agostini,Dizionari del cinema: Commedia,Electa,2009,8855706241,"Saggistica, Cinema"
A214,Giuseppe De Grassi,Occhi di ragazzo,Rai Eri,2002,9788839712065,"Biografia, Musica"
A1566,Margaret Mazzantini,Mare al mattino,Einaudi,2011,9788845119323,"Narrativa, Attualità"
A215,Frances Hardinge,Volo nella notte,Fabbri Editori,2006,9788845119026,"Ragazzi, Fantasy"
A216,B. Taylor Bradford,L’amore non può attendere,Sperling & Kupfer,2009,9788820047719,"Narrativa, Rosa"
A287,Giovanni Boccaccio,Decameron,Mondadori,2015,9786558947103,"Classico, Racconti"
A217,John Grisham,L’uomo della pioggia,Mondadori,1997,9788804423010,"Giallo, Thriller"
A218,William Shakespeare,La tempesta,Mondadori,2017,9788897313656,"Teatro, Classico"
A219,Luis Sepúlveda,Il vecchio che leggeva romanzi d’amore,Guanda,2001,888246752X,"Narrativa, Romanzo"
A220,Javier Ruescas,Tutti i colori di te,Feltrinelli,2016,8807910233,"Young Adult, Rosa"
A221,Jenny Lawson,Follemente felice,Sperling & Kupfer,2015,9788820094034,"Saggistica, Umorismo, Memorie"
A222,Gavriel Savit,Anna e l’Uomo delle rondini,Sperling & Kupfer,2016,9788820059889,"Romanzo Storico, Ragazzi"
A223,Shakespeare,Sogno di una notte di mezz’estate,Mondadori,2017,9788804677750,"Teatro, Classico"
A224,Alex Soojung/Kim Pang,Dipendenza digitale,LSWR,2013,9788868951443,"Saggistica, Tecnologia, Psicologia"
A244,Charles Baudelaire,I fiori del male,Mondadori,2014,9788804627838,"Poesia, Classico"
A225,Nadia Tempest,10 cose che non avresti mai pensato...,Sperling & Kupfer,2016,8820060892,"Saggistica, Curiosità, Young Adult"
A226,Nicholas Sparks,La risposta è nelle stelle,Frassinelli,2013,9788873398721,"Narrativa, Rosa"
A227,Marco Braico,Metà di tutto,Effatà,2013,9788874028467,"Narrativa, Romanzo"
A228,Nicola Gardini,Viva il latino,Garzanti,2016,9788811676235,"Saggistica, Linguistica"
A229,Chris Weitz,The new order,Sperling & Kupfer,2016,9788820060069,"Young Adult, Distopico"
A230,Charlotte Roth,Quando eravamo immortali,Sperling & Kupfer,2014,9788820095208,Romanzo Storico
A231,Stephen King,On writing,Frassinelli,2015,9788892740907,"Saggistica, Scrittura, Autobiografia"
A232,Luca Reteuna,E dopo? Energie rinnovabili per tutti,Effatà,2009,9788874024940,"Saggistica, Ecologia, Tecnologia"
A233,Luca Reteuna,Cure dolci cure,Effatà,2010,9788874026363,"Saggistica, Salute"
A234,Fëdor Dostoevskij,Memorie dal sottosuolo,Mondadori,2017,9788817865593,"Narrativa, Classico, Filosofia"
A235,Nathaniel Hawthorne,La lettera scarlatta,Mondadori,2015,8811364833,"Narrativa, Classico, Romanzo Storico"
A236,Kiera Cass,The Selection,Sperling & Kupfer,2015,9788820053703,"Young Adult, Distopico, Rosa"
A237,S. Calvani M. Albertazzi,Saccheggio mondiale,Effatà,2011,9788874027209,"Saggistica, Attualità, Economia"
A238,Arwen Elys Dayton,Seeker,Sperling & Kupfer,2016,2753301379,"Ragazzi, Fantasy"
A239,Edmondo De Amicis,Cuore,Mondadori,2016,9788831813808,"Ragazzi, Classico"
A240,Paul Dowswell,L’ultima alba di guerra,Feltrinelli,2016,9788807921852,"Ragazzi, Romanzo Storico"
A241,Alessia Gazzola,L’allieva,Longanesi,2016,9788830429948,"Giallo, Romanzo"
A242,Andrew Fukuda,The Hunt,Il Castoro,2013,8845410455,"Young Adult, Horror"
A243,Seneca,Apokolokyntosis,Mondadori,2017,9788804674339,"Classico, Satira"
A245,Luca Reteuna,Speriamo nel mare!,Effatà,2013,9788874028429,"Saggistica, Ecologia"
A246,Jonathan Coe,Lo specchio dei desideri,Feltrinelli,2012,9788807018996,"Narrativa, Romanzo"
A247,Patrick Süskind,Il profumo,TEA,1985,8879726072,"Thriller, Romanzo Storico"
A248,Nicolas Vanier,Belle & Sebastien,Sperling & Kupfer,2014,4064066071455,"Ragazzi, Avventura"
A249,Robin Hobb,L’assassino,Sperling & Kupfer,2015,9788834728697,"Fantasy, Formazione"
A250,Alessandro Gisotti,Dio e Obama,Effatà,2010,9788874025657,"Saggistica, Politica, Religione"
A251,Fëdor Dostoevskij,Il sosia,Mondadori,2016,9788817028844,"Narrativa, Classico"
A252,Erasmo da Rotterdam,Elogio della follia,Mondadori,2017,9788818034738,"Filosofia, Classico"
A253,Plauto,Poenulus - Truculentus,Mondadori,2015,9788804653608,"Teatro, Classico"
A254,Giovanni Verga,Mastro-don Gesualdo,Mondadori,2017,9791041965632,"Narrativa, Classico"
A255,Stephen Chbosky,Noi siamo infinito,Sperling & Kupfer,2015,9788868360153,"Young Adult, Narrativa"
A256,Luigi Pirandello,"Uno, nessuno e centomila",Feltrinelli,2016,9788807900419,"Narrativa, Classico"
A257,Giorgio Faletti,Niente di vero tranne gli occhi,Mondadori,2004,9788834606612,"Giallo, Thriller"
A258,Giuseppe Catozzella,Il grande futuro,Feltrinelli,2016,9788858827598,"Narrativa, Attualità"
A259,Anna Todd,Imagines,Sperling & Kupfer,2016,8897646077,"Young Adult, Rosa"
A260,Tacito,Annali,Mondadori,2014,8817123099,"Saggistica, Storia, Classico"
A261,Franco Causio (I. Cucci),Vincere è l’unica cosa che conta,Sperling & Kupfer,2015,9788820094003,"Biografia, Sport, Calcio"
A262,Jason R. Briggs,Python per ragazzi,LSWR,2016,9788868953683,"Ragazzi, Informatica, Manualistica"
A263,Giuseppe Catozzella,Non dirmi che hai paura,Feltrinelli,2014,9788858840160,"Narrativa, Biografia, Attualità"
A264,D. Agasso Jr. A. Celeghini,Uno sarà preso,Effatà,2008,9788874024505,"Saggistica, Storia"
A265,John Grogan,Io & Marley,Sperling & Kupfer,2015,9788831815048,"Narrativa, Animali"
A266,AA. VV.,Fidati di me,Sperling & Kupfer,2015,1518733824,"Narrativa, Racconti"
A267,Stephen King,On writing,Frassinelli,2015,9788892740907,"Saggistica, Scrittura"
A270,"Del Toma, Macrì",L’alimentazione equilibrata,LSWR,2016,8868952637,"Saggistica, Salute"
A271,Douglas Adams,"La vita, l’Universo e tutto quanto",Mondadori,2009,9788852022586,"Fantascienza, Umorismo"
A272,Robert Silverberg,Pianeta senza scampo,Mondadori,2002,9788852077814,Fantascienza
A273,Vernor Vinge,I naufraghi del tempo,Mondadori,1986,8869110664,Fantascienza
A274,Dava Sobel,Longitude,Fourth Estate,1998,9781857025712,"Saggistica, Storia, Scienza (Inglese)"
A275,Arthur Conan Doyle,The Memoirs of Sherlock Holmes,Giunti,2001,9788809020788,"Giallo, Classico (Inglese)"
A276,Christophe Léon,Reato di fuga,Sinnos,2016,887609296X,"Ragazzi, Attualità"
A277,Arthur Conan Doyle,Sherlock Holmes La valle della paura,Fabbri Editori,2002,9788854138377,"Giallo, Classico"
A278,Christopher Paolini,Eragon,Rizzoli,2003,9788858615119,"Ragazzi, Fantasy"
A279,Beppe Severgnini,L’italiano. Lezioni semiserie,Rizzoli,2007,9788817027441,"Saggistica, Linguistica"
A280,Nicholas Evans,L’uomo che sussurrava ai cavalli,Rizzoli,1995,9788817202268,"Narrativa, Romanzo"
A281,Alessio Grosso,Apocalisse bianca,Mursia,2004,9788842531678,"Thriller, Fantascienza"
A282,AA. VV.,Racconti di montagna,Einaudi,2008,8864903526,"Narrativa, Racconti, Montagna"
A283,Tom Clancy,La grande fuga dell’Ottobre Rosso,Corriere della Sera,1997,8817672750,"Thriller, Spionaggio"
A284,"Popper, Condry",Cattiva maestra televisione,Donzelli,1994,9788879890670,"Saggistica, Sociologia"
A285,Peter Atkins,Le regole del gioco,Zanichelli,2014,9788808255938,"Saggistica, Fisica"
A286,Silvia Vaccari,Days in space,Vaccari,2009,9789355626332,"Saggistica, Astronomia"
A290,Emanuela Nava,Sulle orme di Gandhi,Editoriale Scienza,2007,9788873075578,"Ragazzi, Biografia, Storia"
A291,Andrew Matthews,"L’amore, la vendetta, la magia",Einaudi,2006,8847710464,"Ragazzi, Mitologia"
A292,Beatrice Masini,Signore e signorine,Einaudi,2004,8846733592,"Ragazzi, Narrativa"
A293,Erminia Dell’Oro,Un treno per la vita,Mondadori,2003,8842402001,"Ragazzi, Storia, Shoah"
A294,Luigi Fleischmann,Un ragazzo ebreo nelle retrovie,Ghisetti e Corvi,2004,8880139088,"Narrativa, Memorie, Shoah"
A295,Graziella Favaro,La zuppiera di MarzuK,Carthusia,2002,888721252X,"Ragazzi, Intercultura"
A296,Carla Bisi Castellani,La casa di via Colombo,Ibis,2005,9788871641880,"Saggistica, Memorie, Guerra"
A297,Annamaria Gangai,Emozioni,Albatros,2011,9788878857124,"Narrativa, Romanzo"
A298,Stefano Mencherini,Il pane loro,Manni,2001,9788881762148,"Teatro, Impegno Civile"
A299,-,III concorso lett. codex purpureus,Sistema Bibliotecario Tortonese,2004,1508196605,"Antologia, Locale"
A300,"R. Gavoni, G. Ranzini",Il teatro dei ragazzi,Cedam,1997,8836650546,"Saggistica, Teatro, Pedagogia"
A301,Serena Zoli,Il lavoro smobilita l’uomo,Longanesi,2008,8830424455,"Narrativa, Satira, Società"
A302,Riccardo E. Grassi,Il fruscio lieve della gioia,Infinito,2015,9788868610660,"Narrativa, Romanzo"
A303,Cinzia Montagna,Chi ha paura di Caterina?,Primula,2016,8898583745,Romanzo Storico
A304,Igiaba Scego,La mia casa è dove sono,Loescher,2012,9788820136030,"Saggistica, Autobiografia, Intercultura"
A305,Ann Brashares,Quattro amiche e un paio di Jeans,Fabbri Editori,2005,9788858602010,"Ragazzi, Young Adult"
A306,Gordon Korman,Le 39 chiavi - La falsa nota,Piemme,2008,9788856613765,"Ragazzi, Avventura"
A307,-,Il Quotidiano in classe,La Nuova Italia,2012,-,"Scolastico, Attualità"
A308,-,Il Quotidiano in classe,La Nuova Italia,2016,-,"Scolastico, Attualità"
A309,-,Indovinelli di nonna e giochi di una volta,-,-,8867215299,"Saggistica, Tradizioni, Giochi"
A310,-,Modi di dire Pronti all'uso...,-,-,8867217704,"Saggistica, Linguistica"
A311,Rudyard Kipling,The Jungle books,Penguin Books,1994,9780140624373,"Ragazzi, Classico (Inglese)"
A312,Uhlman - Malle,L'amico ritrovato - Arrivederci ragazzi,Mondadori,2006,9788842417247,"Narrativa, Classico, Formazione"
A313,Daniel Defoe,Robinson Crusoe,Oxford University Press,1990,9788865260487,"Avventura, Classico (Inglese)"
A314,Lewis Carroll,Alice's adventures in Wonderland...,Oxford University Press,1982,9780192816207,"Ragazzi, Classico (Inglese)"
A315,Michael Ende,La storia infinita,Einaudi,1981,9788830400305,"Ragazzi, Fantasy, Classico"
A316,Virginia Woolf,Mrs Dalloway,CIDEB,1992,9788854126183,"Narrativa, Classico (Inglese)"
A317,Henry Fielding,The History of Tom Jones a foundling,Penguin Books,1999,0742650987,"Narrativa, Classico (Inglese)"
A318,Alain De Botton,The consolations of Philosophy,Penguin Books,2000,9780141930312,"Saggistica, Filosofia (Inglese)"
A319,Mark Twain,Le avventure di Huckleberry Finn,Lattes,2012,9788868651640,"Ragazzi, Avventura, Classico"
A320,Sir Steve Stevenson,Agatha Mistery L'enigma del faraone,Corriere della Sera,-,-,"Ragazzi, Giallo"
A321,"D. Bartolini, R. Pontegobbi",Leggere l'olocausto,Idest,1998,8887078114,"Saggistica, Didattica, Shoah"
A322,Gruppo Integrazione PV,F.O.T.O.S Formazione teatro...,Ufficio Scolastico Pavia,-,-,"Saggistica, Teatro, Locale"
A323,Ignazio Silone,L'avventura d'un povero cristiano,Mondadori,1968,-,"Romanzo Storico, Classico"
A324,Jean-Paul Sartre,Morti senza tomba - Le mani sporche,Mondadori,1949,-,"Teatro, Classico"
A325,Alfredo Panzini,Il padrone sono me,Mondadori,1922,9788828103929,"Narrativa, Classico, Umorismo"